,idle_start_time,idle_end_time,idle_duration_hr,idle_location_x,idle_location_y,idle_start_time_mdt,idle_end_time_mdt,idle_start_hour_mdt
0,2025-05-08 00:44:15+00:00,2025-05-08 00:55:48+00:00,0.1925,-1140674450,509021916,2025-05-07 18:44:15-06:00,2025-05-07 18:55:48-06:00,18.916666666666668
1,2025-05-08 01:06:07+00:00,2025-05-08 02:03:30.010000+00:00,0.9563916666666668,-1140102166,508591116,2025-05-07 19:06:07-06:00,2025-05-07 20:03:30.010000-06:00,19.05
2,2025-05-08 02:21:39+00:00,2025-05-08 02:27:57.010000+00:00,0.10500277777777778,-1141278866,509446300,2025-05-07 20:21:39-06:00,2025-05-07 20:27:57.010000-06:00,20.45
3,2025-05-08 02:29:56.010000+00:00,2025-05-08 13:51:49+00:00,11.364719444444443,-1141283733,509446566,2025-05-07 20:29:56.010000-06:00,2025-05-08 07:51:49-06:00,20.85
4,2025-05-08 14:19:32.010000+00:00,2025-05-08 14:45:09+00:00,0.42694166666666666,-1141400783,510382683,2025-05-08 08:19:32.010000-06:00,2025-05-08 08:45:09-06:00,8.75
5,2025-05-08 15:09:30+00:00,2025-05-08 15:16:45.010000+00:00,0.1208361111111111,-1140002783,510600549,2025-05-08 09:09:30-06:00,2025-05-08 09:16:45.010000-06:00,9.266666666666667
6,2025-05-08 15:38:23+00:00,2025-05-08 15:39:57.010000+00:00,0.02611388888888889,-1140446083,509898600,2025-05-08 09:38:23-06:00,2025-05-08 09:39:57.010000-06:00,9.65
7,2025-05-08 15:51:58.010000+00:00,2025-05-08 16:00:09.020000+00:00,0.13639166666666666,-1140020700,509503083,2025-05-08 09:51:58.010000-06:00,2025-05-08 10:00:09.020000-06:00,9.0
8,2025-05-08 16:01:23+00:00,2025-05-08 16:06:49+00:00,0.09055555555555556,-1140020533,509504983,2025-05-08 10:01:23-06:00,2025-05-08 10:06:49-06:00,10.1
9,2025-05-08 16:14:47+00:00,2025-05-08 17:10:54.010000+00:00,0.9352805555555557,-1139735066,509403166,2025-05-08 10:14:47-06:00,2025-05-08 11:10:54.010000-06:00,10.166666666666666
10,2025-05-08 17:32:01+00:00,2025-05-09 00:16:58+00:00,6.7491666666666665,-1141283383,509446499,2025-05-08 11:32:01-06:00,2025-05-08 18:16:58-06:00,11.266666666666667
11,2025-05-09 00:18:03.010000+00:00,2025-05-09 14:09:24.010000+00:00,13.855833333333333,-1141283433,509446166,2025-05-08 18:18:03.010000-06:00,2025-05-09 08:09:24.010000-06:00,18.15
12,2025-05-09 14:14:27+00:00,2025-05-09 14:14:46.010000+00:00,0.005280555555555556,-1141210366,509409066,2025-05-09 08:14:27-06:00,2025-05-09 08:14:46.010000-06:00,8.233333333333333
13,2025-05-09 14:41:06+00:00,2025-05-09 15:39:22.010000+00:00,0.9711138888888889,-1141846883,511194599,2025-05-09 08:41:06-06:00,2025-05-09 09:39:22.010000-06:00,8.65
14,2025-05-09 16:04:09+00:00,2025-05-09 16:18:58+00:00,0.24694444444444444,-1142477866,511167399,2025-05-09 10:04:09-06:00,2025-05-09 10:18:58-06:00,10.3
15,2025-05-09 16:23:24.010000+00:00,2025-05-09 16:55:25.010000+00:00,0.5336111111111111,-1142452866,511191766,2025-05-09 10:23:24.010000-06:00,2025-05-09 10:55:25.010000-06:00,10.916666666666666
16,2025-05-09 17:14:26+00:00,2025-05-09 17:32:02.010000+00:00,0.29333611111111113,-1141577733,510858833,2025-05-09 11:14:26-06:00,2025-05-09 11:32:02.010000-06:00,11.533333333333333
17,2025-05-09 17:50:41+00:00,2025-05-09 18:08:00+00:00,0.2886111111111111,-1140904233,509855483,2025-05-09 11:50:41-06:00,2025-05-09 12:08:00-06:00,11.133333333333333
18,2025-05-09 18:21:16.010000+00:00,2025-05-09 18:33:56+00:00,0.21110833333333334,-1141284866,509446133,2025-05-09 12:21:16.010000-06:00,2025-05-09 12:33:56-06:00,12.55
19,2025-05-09 18:37:51+00:00,2025-05-09 20:53:52.010000+00:00,2.2669472222222224,-1141214216,509404533,2025-05-09 12:37:51-06:00,2025-05-09 14:53:52.010000-06:00,12.883333333333333
20,2025-05-09 20:57:21+00:00,2025-05-09 22:40:36.010000+00:00,1.7208361111111112,-1141283400,509446633,2025-05-09 14:57:21-06:00,2025-05-09 16:40:36.010000-06:00,14.666666666666666
21,2025-05-09 22:51:39.010000+00:00,2025-05-09 23:45:25.010000+00:00,0.8961111111111111,-1141151283,509193616,2025-05-09 16:51:39.010000-06:00,2025-05-09 17:45:25.010000-06:00,16.75
22,2025-05-09 23:53:49.010000+00:00,2025-05-09 23:59:42+00:00,0.09805277777777778,-1141205850,509410049,2025-05-09 17:53:49.010000-06:00,2025-05-09 17:59:42-06:00,17.983333333333334
23,2025-05-10 00:03:17.010000+00:00,2025-05-12 15:09:48+00:00,63.10860833333333,-1141282166,509446499,2025-05-09 18:03:17.010000-06:00,2025-05-12 09:09:48-06:00,18.15
24,2025-05-12 15:20:22.010000+00:00,2025-05-12 15:26:54.010000+00:00,0.10888888888888888,-1140985783,509739533,2025-05-12 09:20:22.010000-06:00,2025-05-12 09:26:54.010000-06:00,9.433333333333334
25,2025-05-12 15:28:43+00:00,2025-05-12 16:07:24.010000+00:00,0.6447250000000001,-1140985800,509736666,2025-05-12 09:28:43-06:00,2025-05-12 10:07:24.010000-06:00,9.116666666666667
26,2025-05-12 16:30:38+00:00,2025-05-12 17:12:55.010000+00:00,0.704725,-1141847883,511417166,2025-05-12 10:30:38-06:00,2025-05-12 11:12:55.010000-06:00,10.2
27,2025-05-12 17:14:13.010000+00:00,2025-05-12 17:18:13.010000+00:00,0.06666666666666667,-1141841083,511414300,2025-05-12 11:14:13.010000-06:00,2025-05-12 11:18:13.010000-06:00,11.3
28,2025-05-12 17:53:00+00:00,2025-05-12 17:59:33+00:00,0.10916666666666666,-1139589433,510373683,2025-05-12 11:53:00-06:00,2025-05-12 11:59:33-06:00,11.983333333333333
29,2025-05-12 18:20:02+00:00,2025-05-12 18:21:58.010000+00:00,0.032225000000000004,-1140501566,509923533,2025-05-12 12:20:02-06:00,2025-05-12 12:21:58.010000-06:00,12.35
30,2025-05-12 18:24:20+00:00,2025-05-12 18:26:58+00:00,0.04388888888888889,-1140509066,509912050,2025-05-12 12:24:20-06:00,2025-05-12 12:26:58-06:00,12.433333333333334
31,2025-05-12 18:35:39.010000+00:00,2025-05-12 19:19:13.010000+00:00,0.7261111111111112,-1140476066,509779216,2025-05-12 12:35:39.010000-06:00,2025-05-12 13:19:13.010000-06:00,12.316666666666666
32,2025-05-12 19:32:30+00:00,2025-05-12 20:31:56+00:00,0.9905555555555555,-1141037100,510033283,2025-05-12 13:32:30-06:00,2025-05-12 14:31:56-06:00,13.516666666666667
33,2025-05-12 20:40:58+00:00,2025-05-12 20:44:32.010000+00:00,0.05944722222222222,-1140904633,509857800,2025-05-12 14:40:58-06:00,2025-05-12 14:44:32.010000-06:00,14.733333333333333
34,2025-05-12 20:50:54+00:00,2025-05-12 21:33:11+00:00,0.7047222222222222,-1140708266,509850733,2025-05-12 14:50:54-06:00,2025-05-12 15:33:11-06:00,14.55
35,2025-05-12 21:51:17.010000+00:00,2025-05-13 00:04:17.020000+00:00,2.2166694444444444,-1141282750,509446950,2025-05-12 15:51:17.010000-06:00,2025-05-12 18:04:17.020000-06:00,15.066666666666666
36,2025-05-13 00:06:08+00:00,2025-05-13 14:48:32.010000+00:00,14.706669444444445,-1141282700,509446950,2025-05-12 18:06:08-06:00,2025-05-13 08:48:32.010000-06:00,18.8
37,2025-05-13 15:11:41+00:00,2025-05-13 15:44:00.010000+00:00,0.5386138888888888,-1141342733,510509133,2025-05-13 09:11:41-06:00,2025-05-13 09:44:00.010000-06:00,9.733333333333333
38,2025-05-13 16:23:23+00:00,2025-05-13 16:24:30.010000+00:00,0.01861388888888889,-1139556350,511621950,2025-05-13 10:23:23-06:00,2025-05-13 10:24:30.010000-06:00,10.4
39,2025-05-13 16:26:20.010000+00:00,2025-05-13 17:04:03.010000+00:00,0.6286111111111111,-1139557733,511621383,2025-05-13 10:26:20.010000-06:00,2025-05-13 11:04:03.010000-06:00,10.066666666666666
40,2025-05-13 17:05:10.010000+00:00,2025-05-13 18:20:47.020000+00:00,1.2602805555555556,-1139558566,511621016,2025-05-13 11:05:10.010000-06:00,2025-05-13 12:20:47.020000-06:00,11.333333333333334
41,2025-05-13 18:27:45.010000+00:00,2025-05-13 18:51:09.010000+00:00,0.39,-1139664350,511455449,2025-05-13 12:27:45.010000-06:00,2025-05-13 12:51:09.010000-06:00,12.85
42,2025-05-13 19:10:30.010000+00:00,2025-05-13 19:47:17.010000+00:00,0.6130555555555556,-1141583883,511819100,2025-05-13 13:10:30.010000-06:00,2025-05-13 13:47:17.010000-06:00,13.783333333333333
43,2025-05-13 20:20:18.010000+00:00,2025-05-13 20:36:10+00:00,0.2644416666666667,-1140824850,509853083,2025-05-13 14:20:18.010000-06:00,2025-05-13 14:36:10-06:00,14.6
44,2025-05-13 20:40:11+00:00,2025-05-13 20:42:02.010000+00:00,0.030836111111111113,-1140903583,509856000,2025-05-13 14:40:11-06:00,2025-05-13 14:42:02.010000-06:00,14.7
45,2025-05-13 21:15:21+00:00,2025-05-13 21:43:15+00:00,0.465,-1140279866,509876066,2025-05-13 15:15:21-06:00,2025-05-13 15:43:15-06:00,15.716666666666667
46,2025-05-13 22:05:13+00:00,2025-05-13 22:27:17+00:00,0.36777777777777776,-1140677633,510314283,2025-05-13 16:05:13-06:00,2025-05-13 16:27:17-06:00,16.45
47,2025-05-13 22:48:52+00:00,2025-05-13 23:24:53.010000+00:00,0.6002805555555556,-1140539483,510516733,2025-05-13 16:48:52-06:00,2025-05-13 17:24:53.010000-06:00,16.4
48,2025-05-13 23:53:46+00:00,2025-05-14 13:43:08+00:00,13.822777777777778,-1141282750,509446383,2025-05-13 17:53:46-06:00,2025-05-14 07:43:08-06:00,17.716666666666665
49,2025-05-14 13:57:09+00:00,2025-05-14 14:01:08.010000+00:00,0.06639166666666667,-1140904350,509855733,2025-05-14 07:57:09-06:00,2025-05-14 08:01:08.010000-06:00,7.016666666666667
50,2025-05-14 14:23:18+00:00,2025-05-14 14:51:34+00:00,0.4711111111111111,-1140849700,508789800,2025-05-14 08:23:18-06:00,2025-05-14 08:51:34-06:00,8.85
51,2025-05-14 14:53:03+00:00,2025-05-14 14:54:57.010000+00:00,0.031669444444444445,-1140858883,508789366,2025-05-14 08:53:03-06:00,2025-05-14 08:54:57.010000-06:00,8.9
52,2025-05-14 15:03:57.010000+00:00,2025-05-14 15:34:33+00:00,0.5099972222222222,-1140387650,508649200,2025-05-14 09:03:57.010000-06:00,2025-05-14 09:34:33-06:00,9.566666666666666
53,2025-05-14 15:59:28.010000+00:00,2025-05-14 16:18:27+00:00,0.3163861111111111,-1141400250,510383149,2025-05-14 09:59:28.010000-06:00,2025-05-14 10:18:27-06:00,9.3
54,2025-05-14 16:35:05+00:00,2025-05-14 16:37:37+00:00,0.042222222222222223,-1141446883,509399649,2025-05-14 10:35:05-06:00,2025-05-14 10:37:37-06:00,10.616666666666667
55,2025-05-14 16:39:36+00:00,2025-05-14 16:40:46.010000+00:00,0.019447222222222223,-1141452200,509399900,2025-05-14 10:39:36-06:00,2025-05-14 10:40:46.010000-06:00,10.666666666666666
56,2025-05-14 16:43:12+00:00,2025-05-14 17:29:50+00:00,0.7772222222222223,-1141457250,509391683,2025-05-14 10:43:12-06:00,2025-05-14 11:29:50-06:00,10.483333333333333
57,2025-05-14 17:38:18+00:00,2025-05-15 03:28:20+00:00,9.83388888888889,-1141284266,509446600,2025-05-14 11:38:18-06:00,2025-05-14 21:28:20-06:00,11.466666666666667
58,2025-05-15 03:30:01+00:00,2025-05-15 13:45:25.010000+00:00,10.256669444444444,-1141282216,509446566,2025-05-14 21:30:01-06:00,2025-05-15 07:45:25.010000-06:00,21.75
59,2025-05-15 14:33:47+00:00,2025-05-15 15:00:35.020000+00:00,0.4466722222222222,-1140858783,511712749,2025-05-15 08:33:47-06:00,2025-05-15 09:00:35.020000-06:00,8.0
60,2025-05-15 15:05:47+00:00,2025-05-15 15:06:13.010000+00:00,0.0072250000000000005,-1140860583,511725066,2025-05-15 09:05:47-06:00,2025-05-15 09:06:13.010000-06:00,9.1
61,2025-05-15 15:19:22+00:00,2025-05-15 15:33:45+00:00,0.23972222222222223,-1142006216,511538533,2025-05-15 09:19:22-06:00,2025-05-15 09:33:45-06:00,9.55
62,2025-05-15 15:58:00+00:00,2025-05-15 18:16:22.010000+00:00,2.306113888888889,-1141284500,509445783,2025-05-15 09:58:00-06:00,2025-05-15 12:16:22.010000-06:00,9.266666666666667
63,2025-05-15 18:23:03.010000+00:00,2025-05-15 19:35:30+00:00,1.2074972222222222,-1141310266,509282850,2025-05-15 12:23:03.010000-06:00,2025-05-15 13:35:30-06:00,12.583333333333334
64,2025-05-15 19:41:17+00:00,2025-05-15 19:44:02.010000+00:00,0.045836111111111105,-1141285716,509446033,2025-05-15 13:41:17-06:00,2025-05-15 13:44:02.010000-06:00,13.733333333333333
65,2025-05-15 20:04:51.010000+00:00,2025-05-15 20:33:02+00:00,0.46971944444444447,-1141298450,510559000,2025-05-15 14:04:51.010000-06:00,2025-05-15 14:33:02-06:00,14.55
66,2025-05-15 20:43:01+00:00,2025-05-15 20:45:53.010000+00:00,0.047780555555555555,-1140806683,510421966,2025-05-15 14:43:01-06:00,2025-05-15 14:45:53.010000-06:00,14.75
67,2025-05-15 20:52:41+00:00,2025-05-15 20:59:29.010000+00:00,0.11333611111111111,-1140764783,510422666,2025-05-15 14:52:41-06:00,2025-05-15 14:59:29.010000-06:00,14.983333333333333
68,2025-05-15 21:33:39.010000+00:00,2025-05-15 22:15:47+00:00,0.7022194444444444,-1141755866,511418666,2025-05-15 15:33:39.010000-06:00,2025-05-15 16:15:47-06:00,15.25
69,2025-05-15 22:17:38+00:00,2025-05-15 22:17:48+00:00,0.002777777777777778,-1141746450,511408633,2025-05-15 16:17:38-06:00,2025-05-15 16:17:48-06:00,16.283333333333335
70,2025-05-15 22:19:14+00:00,2025-05-15 22:25:50.010000+00:00,0.11000277777777777,-1141739933,511409966,2025-05-15 16:19:14-06:00,2025-05-15 16:25:50.010000-06:00,16.416666666666668
71,2025-05-15 22:29:05.010000+00:00,2025-05-15 22:39:05+00:00,0.1666638888888889,-1141826250,511419183,2025-05-15 16:29:05.010000-06:00,2025-05-15 16:39:05-06:00,16.65
72,2025-05-15 23:00:07.010000+00:00,2025-05-15 23:34:35.010000+00:00,0.5744444444444444,-1140863983,510678183,2025-05-15 17:00:07.010000-06:00,2025-05-15 17:34:35.010000-06:00,17.566666666666666
73,2025-05-16 00:00:25+00:00,2025-05-16 00:37:56+00:00,0.6252777777777778,-1141137983,511860633,2025-05-15 18:00:25-06:00,2025-05-15 18:37:56-06:00,18.616666666666667
74,2025-05-16 01:08:36+00:00,2025-05-16 14:34:55.010000+00:00,13.43861388888889,-1141284766,509446850,2025-05-15 19:08:36-06:00,2025-05-16 08:34:55.010000-06:00,19.566666666666666
75,2025-05-16 14:50:10+00:00,2025-05-16 15:03:06+00:00,0.21555555555555556,-1140002683,509561316,2025-05-16 08:50:10-06:00,2025-05-16 09:03:06-06:00,8.05
76,2025-05-16 15:32:58+00:00,2025-05-16 16:07:05.010000+00:00,0.5686138888888889,-1139685700,509187066,2025-05-16 09:32:58-06:00,2025-05-16 10:07:05.010000-06:00,9.116666666666667
77,2025-05-16 16:30:32.010000+00:00,2025-05-16 16:33:49+00:00,0.054719444444444446,-1139859483,510433183,2025-05-16 10:30:32.010000-06:00,2025-05-16 10:33:49-06:00,10.55
78,2025-05-16 16:35:18.010000+00:00,2025-05-16 17:05:18.010000+00:00,0.5,-1139862550,510432950,2025-05-16 10:35:18.010000-06:00,2025-05-16 11:05:18.010000-06:00,10.083333333333334
79,2025-05-16 17:28:01+00:00,2025-05-16 18:17:19+00:00,0.8216666666666667,-1139808850,508689300,2025-05-16 11:28:01-06:00,2025-05-16 12:17:19-06:00,11.283333333333333
80,2025-05-16 18:19:40+00:00,2025-05-16 18:41:21.020000+00:00,0.36139444444444446,-1139824049,508702466,2025-05-16 12:19:40-06:00,2025-05-16 12:41:21.020000-06:00,12.683333333333334
81,2025-05-16 19:15:04+00:00,2025-05-16 19:18:40+00:00,0.06,-1140577866,510928849,2025-05-16 13:15:04-06:00,2025-05-16 13:18:40-06:00,13.3
82,2025-05-16 19:41:16+00:00,2025-05-16 21:53:37+00:00,2.2058333333333335,-1141196899,511725916,2025-05-16 13:41:16-06:00,2025-05-16 15:53:37-06:00,13.883333333333333
83,2025-05-16 22:30:41+00:00,2025-05-16 23:11:57.010000+00:00,0.6877805555555556,-1140694000,510324750,2025-05-16 16:30:41-06:00,2025-05-16 17:11:57.010000-06:00,16.183333333333334
84,2025-05-16 23:26:23.010000+00:00,2025-05-17 00:05:47+00:00,0.6566638888888888,-1140990416,510117633,2025-05-16 17:26:23.010000-06:00,2025-05-16 18:05:47-06:00,17.083333333333332
85,2025-05-17 00:24:25+00:00,2025-05-20 14:25:25+00:00,86.01666666666667,-1141283033,509446300,2025-05-16 18:24:25-06:00,2025-05-20 08:25:25-06:00,18.416666666666668
86,2025-05-20 14:47:57+00:00,2025-05-20 14:55:31+00:00,0.12611111111111112,-1140566166,510039649,2025-05-20 08:47:57-06:00,2025-05-20 08:55:31-06:00,8.916666666666666
87,2025-05-20 15:12:18+00:00,2025-05-20 16:04:46.010000+00:00,0.8744472222222223,-1141082733,510436866,2025-05-20 09:12:18-06:00,2025-05-20 10:04:46.010000-06:00,9.066666666666666
88,2025-05-20 16:39:03+00:00,2025-05-20 16:40:18+00:00,0.020833333333333332,-1139296333,509251966,2025-05-20 10:39:03-06:00,2025-05-20 10:40:18-06:00,10.666666666666666
89,2025-05-20 16:41:24.010000+00:00,2025-05-20 16:58:54+00:00,0.2916638888888889,-1139297183,509253283,2025-05-20 10:41:24.010000-06:00,2025-05-20 10:58:54-06:00,10.966666666666667
90,2025-05-20 17:00:05.010000+00:00,2025-05-20 17:17:26+00:00,0.2891638888888889,-1139297183,509253283,2025-05-20 11:00:05.010000-06:00,2025-05-20 11:17:26-06:00,11.283333333333333
91,2025-05-20 17:24:47.010000+00:00,2025-05-20 18:33:35+00:00,1.146663888888889,-1139500466,509132983,2025-05-20 11:24:47.010000-06:00,2025-05-20 12:33:35-06:00,11.55
92,2025-05-20 18:45:54.010000+00:00,2025-05-20 19:49:16+00:00,1.0561083333333332,-1139827333,508837950,2025-05-20 12:45:54.010000-06:00,2025-05-20 13:49:16-06:00,12.816666666666666
93,2025-05-20 19:59:19.010000+00:00,2025-05-20 20:31:02.010000+00:00,0.5286111111111111,-1141284366,509446366,2025-05-20 13:59:19.010000-06:00,2025-05-20 14:31:02.010000-06:00,13.516666666666667
94,2025-05-20 20:42:59+00:00,2025-05-20 20:43:32.010000+00:00,0.009169444444444444,-1140903866,509855850,2025-05-20 14:42:59-06:00,2025-05-20 14:43:32.010000-06:00,14.716666666666667
95,2025-05-20 20:48:37+00:00,2025-05-20 20:58:24+00:00,0.16305555555555556,-1140826983,509858316,2025-05-20 14:48:37-06:00,2025-05-20 14:58:24-06:00,14.966666666666667
96,2025-05-20 21:05:36+00:00,2025-05-20 22:01:24+00:00,0.93,-1141000516,509717383,2025-05-20 15:05:36-06:00,2025-05-20 16:01:24-06:00,15.016666666666667
97,2025-05-20 22:14:29+00:00,2025-05-21 00:05:11+00:00,1.845,-1141283083,509446966,2025-05-20 16:14:29-06:00,2025-05-20 18:05:11-06:00,16.083333333333332
98,2025-05-21 00:38:18+00:00,2025-05-21 13:44:54+00:00,13.11,-1141283883,509446800,2025-05-20 18:38:18-06:00,2025-05-21 07:44:54-06:00,18.733333333333334
99,2025-05-21 14:15:08+00:00,2025-05-21 14:16:53+00:00,0.029166666666666667,-1141450549,509402266,2025-05-21 08:15:08-06:00,2025-05-21 08:16:53-06:00,8.266666666666667
100,2025-05-21 14:25:52+00:00,2025-05-21 17:12:32+00:00,2.7777777777777777,-1141283750,509446833,2025-05-21 08:25:52-06:00,2025-05-21 11:12:32-06:00,8.2
101,2025-05-21 17:14:13+00:00,2025-05-21 17:17:44+00:00,0.058611111111111114,-1141278400,509446566,2025-05-21 11:14:13-06:00,2025-05-21 11:17:44-06:00,11.283333333333333
102,2025-05-21 17:25:37+00:00,2025-05-21 17:30:10+00:00,0.07583333333333334,-1141213983,509569750,2025-05-21 11:25:37-06:00,2025-05-21 11:30:10-06:00,11.5
103,2025-05-21 17:49:00.010000+00:00,2025-05-21 18:04:52+00:00,0.2644416666666667,-1140142716,509984300,2025-05-21 11:49:00.010000-06:00,2025-05-21 12:04:52-06:00,11.066666666666666
104,2025-05-21 18:20:48+00:00,2025-05-21 20:16:55+00:00,1.9352777777777779,-1140717200,510327916,2025-05-21 12:20:48-06:00,2025-05-21 14:16:55-06:00,12.266666666666667
105,2025-05-21 20:34:50+00:00,2025-05-21 20:40:10+00:00,0.08888888888888889,-1140899283,509856716,2025-05-21 14:34:50-06:00,2025-05-21 14:40:10-06:00,14.666666666666666
106,2025-05-21 20:52:29.010000+00:00,2025-05-21 23:01:11+00:00,2.144997222222222,-1141284866,509447033,2025-05-21 14:52:29.010000-06:00,2025-05-21 17:01:11-06:00,14.016666666666667
107,2025-05-21 23:21:31.010000+00:00,2025-05-22 00:28:33.010000+00:00,1.1172222222222221,-1139807550,508688966,2025-05-21 17:21:31.010000-06:00,2025-05-21 18:28:33.010000-06:00,17.466666666666665
108,2025-05-22 00:48:58+00:00,2025-05-22 00:49:09+00:00,0.0030555555555555557,-1141284666,509445350,2025-05-21 18:48:58-06:00,2025-05-21 18:49:09-06:00,18.816666666666666
109,2025-05-22 00:50:12+00:00,2025-05-22 00:51:04+00:00,0.014444444444444444,-1141284316,509445550,2025-05-21 18:50:12-06:00,2025-05-21 18:51:04-06:00,18.85
110,2025-05-22 00:53:24+00:00,2025-05-22 13:49:44+00:00,12.938888888888888,-1141284233,509446266,2025-05-21 18:53:24-06:00,2025-05-22 07:49:44-06:00,18.816666666666666
111,2025-05-22 14:03:53.010000+00:00,2025-05-22 14:09:21+00:00,0.09110833333333333,-1140905833,509859416,2025-05-22 08:03:53.010000-06:00,2025-05-22 08:09:21-06:00,8.15
112,2025-05-22 14:34:26.010000+00:00,2025-05-22 14:34:52+00:00,0.007219444444444444,-1139116300,508918650,2025-05-22 08:34:26.010000-06:00,2025-05-22 08:34:52-06:00,8.566666666666666
113,2025-05-22 14:37:33+00:00,2025-05-22 15:07:45.010000+00:00,0.5033361111111111,-1139121416,508917483,2025-05-22 08:37:33-06:00,2025-05-22 09:07:45.010000-06:00,8.116666666666667
114,2025-05-22 15:08:59+00:00,2025-05-22 16:13:35+00:00,1.0766666666666667,-1139122916,508917166,2025-05-22 09:08:59-06:00,2025-05-22 10:13:35-06:00,9.216666666666667
115,2025-05-22 16:27:16+00:00,2025-05-22 16:44:40+00:00,0.29,-1139826749,508837133,2025-05-22 10:27:16-06:00,2025-05-22 10:44:40-06:00,10.733333333333333
116,2025-05-22 16:46:30+00:00,2025-05-22 16:56:29+00:00,0.1663888888888889,-1139840466,508837583,2025-05-22 10:46:30-06:00,2025-05-22 10:56:29-06:00,10.933333333333334
117,2025-05-22 16:58:09+00:00,2025-05-22 16:59:40+00:00,0.025277777777777777,-1139849016,508829999,2025-05-22 10:58:09-06:00,2025-05-22 10:59:40-06:00,10.983333333333333
118,2025-05-22 17:16:11+00:00,2025-05-22 18:29:55+00:00,1.228888888888889,-1141284750,509447083,2025-05-22 11:16:11-06:00,2025-05-22 12:29:55-06:00,11.483333333333333
119,2025-05-22 18:59:25.010000+00:00,2025-05-22 19:00:18+00:00,0.014719444444444445,-1140671950,510530683,2025-05-22 12:59:25.010000-06:00,2025-05-22 13:00:18-06:00,12.0
120,2025-05-22 19:04:16+00:00,2025-05-22 19:49:17+00:00,0.7502777777777778,-1140671950,510530683,2025-05-22 13:04:16-06:00,2025-05-22 13:49:17-06:00,13.816666666666666
121,2025-05-22 20:18:51+00:00,2025-05-22 22:01:58+00:00,1.718611111111111,-1141283283,509446683,2025-05-22 14:18:51-06:00,2025-05-22 16:01:58-06:00,14.016666666666667
122,2025-05-22 22:19:20+00:00,2025-05-22 23:23:07+00:00,1.0630555555555556,-1140634566,508670350,2025-05-22 16:19:20-06:00,2025-05-22 17:23:07-06:00,16.383333333333333
123,2025-05-22 23:41:49+00:00,2025-05-23 02:54:33.010000+00:00,3.212225,-1141283316,509446583,2025-05-22 17:41:49-06:00,2025-05-22 20:54:33.010000-06:00,17.9
124,2025-05-23 03:18:45+00:00,2025-05-23 13:52:47+00:00,10.567222222222222,-1141281900,509446016,2025-05-22 21:18:45-06:00,2025-05-23 07:52:47-06:00,21.866666666666667
125,2025-05-23 14:26:29+00:00,2025-05-23 14:55:03+00:00,0.4761111111111111,-1140518700,510470900,2025-05-23 08:26:29-06:00,2025-05-23 08:55:03-06:00,8.916666666666666
126,2025-05-23 14:57:54.010000+00:00,2025-05-23 15:49:18+00:00,0.8566638888888888,-1140518166,510478000,2025-05-23 08:57:54.010000-06:00,2025-05-23 09:49:18-06:00,8.816666666666666
127,2025-05-23 16:11:18+00:00,2025-05-23 16:49:04+00:00,0.6294444444444445,-1140283666,509877516,2025-05-23 10:11:18-06:00,2025-05-23 10:49:04-06:00,10.816666666666666
128,2025-05-23 16:53:54+00:00,2025-05-23 16:55:11+00:00,0.021388888888888888,-1140275233,509873616,2025-05-23 10:53:54-06:00,2025-05-23 10:55:11-06:00,10.916666666666666
129,2025-05-23 17:06:03+00:00,2025-05-23 17:27:24+00:00,0.35583333333333333,-1140406983,509581916,2025-05-23 11:06:03-06:00,2025-05-23 11:27:24-06:00,11.45
130,2025-05-23 17:42:01+00:00,2025-05-23 18:05:09+00:00,0.38555555555555554,-1140897066,509856000,2025-05-23 11:42:01-06:00,2025-05-23 12:05:09-06:00,11.083333333333334
131,2025-05-23 18:15:22+00:00,2025-05-23 18:27:21.010000+00:00,0.19972499999999999,-1140709149,509850983,2025-05-23 12:15:22-06:00,2025-05-23 12:27:21.010000-06:00,12.45
132,2025-05-23 18:42:27+00:00,2025-05-23 21:21:41.020000+00:00,2.6538944444444446,-1141283766,509446699,2025-05-23 12:42:27-06:00,2025-05-23 15:21:41.020000-06:00,12.35
133,2025-05-23 21:33:32+00:00,2025-05-23 21:35:40+00:00,0.035555555555555556,-1140780766,509942233,2025-05-23 15:33:32-06:00,2025-05-23 15:35:40-06:00,15.583333333333334
134,2025-05-23 21:36:47.010000+00:00,2025-05-23 21:36:53+00:00,0.001663888888888889,-1140690166,509941283,2025-05-23 15:36:47.010000-06:00,2025-05-23 15:36:53-06:00,15.6
135,2025-05-23 21:42:03+00:00,2025-05-23 21:46:18+00:00,0.07083333333333333,-1140501916,509922499,2025-05-23 15:42:03-06:00,2025-05-23 15:46:18-06:00,15.766666666666667
136,2025-05-23 22:11:37+00:00,2025-05-23 22:47:56+00:00,0.6052777777777778,-1139222966,509203283,2025-05-23 16:11:37-06:00,2025-05-23 16:47:56-06:00,16.783333333333335
137,2025-05-23 23:08:50+00:00,2025-05-23 23:53:18.010000+00:00,0.741113888888889,-1139808066,508689016,2025-05-23 17:08:50-06:00,2025-05-23 17:53:18.010000-06:00,17.883333333333333
138,2025-05-23 23:55:23+00:00,2025-05-24 00:12:29+00:00,0.285,-1139824216,508703133,2025-05-23 17:55:23-06:00,2025-05-23 18:12:29-06:00,17.2
139,2025-05-24 00:14:05+00:00,2025-05-24 00:14:58+00:00,0.014722222222222222,-1139807666,508689366,2025-05-23 18:14:05-06:00,2025-05-23 18:14:58-06:00,18.233333333333334
140,2025-05-24 00:34:06.010000+00:00,2025-05-24 03:24:15+00:00,2.8358305555555554,-1141283383,509446900,2025-05-23 18:34:06.010000-06:00,2025-05-23 21:24:15-06:00,18.4
141,2025-05-24 03:25:21.010000+00:00,2025-05-24 16:50:09+00:00,13.413330555555556,-1141284600,509445883,2025-05-23 21:25:21.010000-06:00,2025-05-24 10:50:09-06:00,21.833333333333332
142,2025-05-24 17:06:13+00:00,2025-05-24 17:39:08+00:00,0.5486111111111112,-1140939716,508994100,2025-05-24 11:06:13-06:00,2025-05-24 11:39:08-06:00,11.65
143,2025-05-24 17:53:04+00:00,2025-05-24 18:23:13+00:00,0.5025,-1141258249,509440200,2025-05-24 11:53:04-06:00,2025-05-24 12:23:13-06:00,11.383333333333333
144,2025-05-24 18:24:42.010000+00:00,2025-05-24 18:25:45.010000+00:00,0.0175,-1141258366,509446633,2025-05-24 12:24:42.010000-06:00,2025-05-24 12:25:45.010000-06:00,12.416666666666666
145,2025-05-24 18:27:53+00:00,2025-05-24 20:59:52+00:00,2.5330555555555554,-1141283566,509446266,2025-05-24 12:27:53-06:00,2025-05-24 14:59:52-06:00,12.983333333333333
146,2025-05-24 21:01:02+00:00,2025-05-26 14:15:29.010000+00:00,41.240836111111115,-1141283216,509446350,2025-05-24 15:01:02-06:00,2025-05-26 08:15:29.010000-06:00,15.25
147,2025-05-26 14:37:57.010000+00:00,2025-05-26 14:51:30+00:00,0.22583055555555556,-1140501433,509922716,2025-05-26 08:37:57.010000-06:00,2025-05-26 08:51:30-06:00,8.85
148,2025-05-26 15:10:59.010000+00:00,2025-05-26 15:52:54+00:00,0.6986083333333333,-1140517200,510478066,2025-05-26 09:10:59.010000-06:00,2025-05-26 09:52:54-06:00,9.866666666666667
149,2025-05-26 16:10:11+00:00,2025-05-26 16:21:54+00:00,0.19527777777777777,-1141157850,510761233,2025-05-26 10:10:11-06:00,2025-05-26 10:21:54-06:00,10.35
150,2025-05-26 16:36:23+00:00,2025-05-26 16:38:58+00:00,0.043055555555555555,-1141406833,510141749,2025-05-26 10:36:23-06:00,2025-05-26 10:38:58-06:00,10.633333333333333
151,2025-05-26 16:56:09+00:00,2025-05-26 20:22:40+00:00,3.4419444444444443,-1140931533,508991716,2025-05-26 10:56:09-06:00,2025-05-26 14:22:40-06:00,10.366666666666667
152,2025-05-26 20:57:05+00:00,2025-05-26 21:33:29+00:00,0.6066666666666667,-1141284616,509446533,2025-05-26 14:57:05-06:00,2025-05-26 15:33:29-06:00,14.55
153,2025-05-26 21:49:44.010000+00:00,2025-05-26 23:00:39+00:00,1.1819416666666667,-1140931533,508991866,2025-05-26 15:49:44.010000-06:00,2025-05-26 17:00:39-06:00,15.0
154,2025-05-26 23:19:21.010000+00:00,2025-05-27 03:05:31+00:00,3.769441666666667,-1141281966,509446833,2025-05-26 17:19:21.010000-06:00,2025-05-26 21:05:31-06:00,17.083333333333332
155,2025-05-27 03:15:48.010000+00:00,2025-05-27 03:17:30+00:00,0.028330555555555553,-1141172983,509536183,2025-05-26 21:15:48.010000-06:00,2025-05-26 21:17:30-06:00,21.283333333333335
156,2025-05-27 03:27:04+00:00,2025-05-27 14:34:52.010000+00:00,11.130002777777777,-1141282683,509446066,2025-05-26 21:27:04-06:00,2025-05-27 08:34:52.010000-06:00,21.566666666666666
157,2025-05-27 14:36:40+00:00,2025-05-27 14:38:31.010000+00:00,0.030836111111111113,-1141278916,509446433,2025-05-27 08:36:40-06:00,2025-05-27 08:38:31.010000-06:00,8.633333333333333
158,2025-05-27 15:09:11+00:00,2025-05-27 15:27:28+00:00,0.3047222222222222,-1141848266,511417549,2025-05-27 09:09:11-06:00,2025-05-27 09:27:28-06:00,9.45
159,2025-05-27 15:29:15+00:00,2025-05-27 15:39:28.010000+00:00,0.17028055555555555,-1141860983,511419016,2025-05-27 09:29:15-06:00,2025-05-27 09:39:28.010000-06:00,9.65
160,2025-05-27 15:56:07.010000+00:00,2025-05-27 15:58:15+00:00,0.03555277777777777,-1141574333,511543366,2025-05-27 09:56:07.010000-06:00,2025-05-27 09:58:15-06:00,9.966666666666667
161,2025-05-27 16:02:49.010000+00:00,2025-05-27 16:20:21+00:00,0.2922194444444444,-1141562549,511556000,2025-05-27 10:02:49.010000-06:00,2025-05-27 10:20:21-06:00,10.333333333333334
162,2025-05-27 16:47:29.010000+00:00,2025-05-27 16:48:21+00:00,0.014441666666666667,-1139394550,510833866,2025-05-27 10:47:29.010000-06:00,2025-05-27 10:48:21-06:00,10.8
163,2025-05-27 16:50:18.010000+00:00,2025-05-27 17:32:57+00:00,0.7108305555555555,-1139389533,510834916,2025-05-27 10:50:18.010000-06:00,2025-05-27 11:32:57-06:00,10.533333333333333
164,2025-05-27 17:34:36+00:00,2025-05-27 17:40:49+00:00,0.10361111111111111,-1139394150,510834300,2025-05-27 11:34:36-06:00,2025-05-27 11:40:49-06:00,11.666666666666666
165,2025-05-27 18:00:15.010000+00:00,2025-05-27 18:21:55+00:00,0.3611083333333333,-1139937166,510817716,2025-05-27 12:00:15.010000-06:00,2025-05-27 12:21:55-06:00,12.35
166,2025-05-27 18:42:46+00:00,2025-05-27 18:45:30+00:00,0.04555555555555556,-1140502133,509923116,2025-05-27 12:42:46-06:00,2025-05-27 12:45:30-06:00,12.75
167,2025-05-27 18:57:26+00:00,2025-05-27 19:01:13.010000+00:00,0.06305833333333333,-1141011300,509817266,2025-05-27 12:57:26-06:00,2025-05-27 13:01:13.010000-06:00,12.016666666666667
168,2025-05-27 19:02:46+00:00,2025-05-27 20:27:41+00:00,1.4152777777777779,-1141009133,509814983,2025-05-27 13:02:46-06:00,2025-05-27 14:27:41-06:00,13.45
169,2025-05-27 20:48:31.010000+00:00,2025-05-27 21:40:22.010000+00:00,0.8641666666666666,-1141281900,509446300,2025-05-27 14:48:31.010000-06:00,2025-05-27 15:40:22.010000-06:00,14.666666666666666
170,2025-05-27 22:11:25+00:00,2025-05-27 23:22:13.010000+00:00,1.1800027777777777,-1141856033,511196849,2025-05-27 16:11:25-06:00,2025-05-27 17:22:13.010000-06:00,16.366666666666667
171,2025-05-27 23:45:45+00:00,2025-05-28 01:17:58+00:00,1.5369444444444444,-1141616733,510268483,2025-05-27 17:45:45-06:00,2025-05-27 19:17:58-06:00,17.283333333333335
172,2025-05-28 01:32:23.010000+00:00,2025-05-28 13:48:56.010000+00:00,12.275833333333333,-1141283616,509446616,2025-05-27 19:32:23.010000-06:00,2025-05-28 07:48:56.010000-06:00,19.8
173,2025-05-28 14:20:50+00:00,2025-05-28 15:18:14.010000+00:00,0.9566694444444445,-1141284283,509446583,2025-05-28 08:20:50-06:00,2025-05-28 09:18:14.010000-06:00,8.3
174,2025-05-28 15:25:23+00:00,2025-05-28 15:36:05+00:00,0.17833333333333334,-1141455766,509393033,2025-05-28 09:25:23-06:00,2025-05-28 09:36:05-06:00,9.6
175,2025-05-28 15:44:20+00:00,2025-05-28 17:50:28.010000+00:00,2.1022250000000002,-1141284350,509446200,2025-05-28 09:44:20-06:00,2025-05-28 11:50:28.010000-06:00,9.833333333333334
176,2025-05-28 17:51:36+00:00,2025-05-28 19:58:14+00:00,2.1105555555555555,-1141283350,509446283,2025-05-28 11:51:36-06:00,2025-05-28 13:58:14-06:00,11.966666666666667
177,2025-05-28 19:59:52+00:00,2025-05-28 20:31:12.010000+00:00,0.522225,-1141284066,509446916,2025-05-28 13:59:52-06:00,2025-05-28 14:31:12.010000-06:00,13.516666666666667
178,2025-05-28 20:43:52+00:00,2025-05-28 20:45:11.010000+00:00,0.021947222222222222,-1140899666,509855583,2025-05-28 14:43:52-06:00,2025-05-28 14:45:11.010000-06:00,14.75
179,2025-05-28 21:00:44.010000+00:00,2025-05-28 22:22:34+00:00,1.3638861111111111,-1141283766,509446766,2025-05-28 15:00:44.010000-06:00,2025-05-28 16:22:34-06:00,15.366666666666667
180,2025-05-28 22:41:55+00:00,2025-05-28 22:48:53+00:00,0.11611111111111111,-1139739966,508871483,2025-05-28 16:41:55-06:00,2025-05-28 16:48:53-06:00,16.8
181,2025-05-28 22:53:20.010000+00:00,2025-05-28 22:53:35+00:00,0.004163888888888889,-1139922599,508977916,2025-05-28 16:53:20.010000-06:00,2025-05-28 16:53:35-06:00,16.883333333333333
182,2025-05-28 22:55:19.010000+00:00,2025-05-28 22:55:36+00:00,0.004719444444444444,-1140315500,508929716,2025-05-28 16:55:19.010000-06:00,2025-05-28 16:55:36-06:00,16.916666666666668
183,2025-05-28 22:56:40+00:00,2025-05-28 23:00:20+00:00,0.06111111111111111,-1140663783,508928549,2025-05-28 16:56:40-06:00,2025-05-28 17:00:20-06:00,16.0
184,2025-05-28 23:05:43+00:00,2025-05-28 23:55:42+00:00,0.8330555555555555,-1141284350,509446266,2025-05-28 17:05:43-06:00,2025-05-28 17:55:42-06:00,17.916666666666668
185,2025-05-28 23:56:53+00:00,2025-05-28 23:57:04.010000+00:00,0.0030583333333333335,-1141218249,509411983,2025-05-28 17:56:53-06:00,2025-05-28 17:57:04.010000-06:00,17.95
186,2025-05-29 00:00:28.010000+00:00,2025-05-29 00:00:48+00:00,0.005552777777777777,-1141096116,509503816,2025-05-28 18:00:28.010000-06:00,2025-05-28 18:00:48-06:00,18.0
187,2025-05-29 00:02:23+00:00,2025-05-29 00:04:19+00:00,0.03222222222222222,-1140952650,509505100,2025-05-28 18:02:23-06:00,2025-05-28 18:04:19-06:00,18.066666666666666
188,2025-05-29 00:05:30.010000+00:00,2025-05-29 00:05:56+00:00,0.007219444444444444,-1140951983,509627266,2025-05-28 18:05:30.010000-06:00,2025-05-28 18:05:56-06:00,18.083333333333332
189,2025-05-29 00:11:53.010000+00:00,2025-05-29 00:12:17.010000+00:00,0.006666666666666667,-1141178733,510221400,2025-05-28 18:11:53.010000-06:00,2025-05-28 18:12:17.010000-06:00,18.2
190,2025-05-29 00:15:23.010000+00:00,2025-05-29 00:15:26+00:00,0.0008305555555555556,-1141180166,510578250,2025-05-28 18:15:23.010000-06:00,2025-05-28 18:15:26-06:00,18.25
191,2025-05-29 00:19:39.010000+00:00,2025-05-29 00:31:30+00:00,0.1974972222222222,-1141037450,510673866,2025-05-28 18:19:39.010000-06:00,2025-05-28 18:31:30-06:00,18.516666666666666
192,2025-05-29 00:56:40+00:00,2025-05-29 01:35:59+00:00,0.6552777777777777,-1141886833,510387300,2025-05-28 18:56:40-06:00,2025-05-28 19:35:59-06:00,18.583333333333332
193,2025-05-29 01:55:39+00:00,2025-05-29 02:11:51+00:00,0.27,-1142084600,511094200,2025-05-28 19:55:39-06:00,2025-05-28 20:11:51-06:00,19.183333333333334
194,2025-05-29 02:27:24+00:00,2025-05-29 02:40:31+00:00,0.21861111111111112,-1141029050,510675750,2025-05-28 20:27:24-06:00,2025-05-28 20:40:31-06:00,20.666666666666668
195,2025-05-29 03:04:53+00:00,2025-05-29 13:53:30+00:00,10.810277777777777,-1141282966,509446366,2025-05-28 21:04:53-06:00,2025-05-29 07:53:30-06:00,21.883333333333333
196,2025-05-29 14:24:51+00:00,2025-05-29 14:28:00.010000+00:00,0.05250277777777777,-1140501350,509923216,2025-05-29 08:24:51-06:00,2025-05-29 08:28:00.010000-06:00,8.466666666666667
197,2025-05-29 14:36:33+00:00,2025-05-29 15:11:55+00:00,0.5894444444444444,-1140433400,509792566,2025-05-29 08:36:33-06:00,2025-05-29 09:11:55-06:00,8.183333333333334
198,2025-05-29 15:25:50.010000+00:00,2025-05-29 17:09:33+00:00,1.7286083333333333,-1139738283,508871433,2025-05-29 09:25:50.010000-06:00,2025-05-29 11:09:33-06:00,9.15
199,2025-05-29 17:47:24.010000+00:00,2025-05-29 19:07:09.010000+00:00,1.3291666666666666,-1141857233,511196866,2025-05-29 11:47:24.010000-06:00,2025-05-29 13:07:09.010000-06:00,11.116666666666667
200,2025-05-29 19:33:57+00:00,2025-05-29 20:28:58+00:00,0.9169444444444445,-1141283766,509445783,2025-05-29 13:33:57-06:00,2025-05-29 14:28:58-06:00,13.466666666666667
201,2025-05-29 20:55:17+00:00,2025-05-29 21:49:50.010000+00:00,0.9091694444444445,-1141283900,509446716,2025-05-29 14:55:17-06:00,2025-05-29 15:49:50.010000-06:00,14.816666666666666
202,2025-05-29 22:17:33+00:00,2025-05-29 23:25:06.010000+00:00,1.1258361111111113,-1140236150,510400166,2025-05-29 16:17:33-06:00,2025-05-29 17:25:06.010000-06:00,16.416666666666668
203,2025-05-30 00:04:20.010000+00:00,2025-05-30 01:02:28+00:00,0.968886111111111,-1140842850,509239366,2025-05-29 18:04:20.010000-06:00,2025-05-29 19:02:28-06:00,18.033333333333335
204,2025-05-30 01:15:03.010000+00:00,2025-05-30 01:39:06+00:00,0.4008305555555556,-1141299216,509349833,2025-05-29 19:15:03.010000-06:00,2025-05-29 19:39:06-06:00,19.65
205,2025-05-30 01:44:24.010000+00:00,2025-05-30 14:15:05+00:00,12.511386111111111,-1141284783,509446366,2025-05-29 19:44:24.010000-06:00,2025-05-30 08:15:05-06:00,19.25
206,2025-05-30 14:31:26+00:00,2025-05-30 14:31:50.010000+00:00,0.006669444444444445,-1140905500,509863250,2025-05-30 08:31:26-06:00,2025-05-30 08:31:50.010000-06:00,8.516666666666667
207,2025-05-30 14:47:42.010000+00:00,2025-05-30 16:00:11+00:00,1.2080527777777776,-1140793699,509249183,2025-05-30 08:47:42.010000-06:00,2025-05-30 10:00:11-06:00,8.0
208,2025-05-30 16:24:08+00:00,2025-05-30 16:25:51+00:00,0.02861111111111111,-1139997800,510503966,2025-05-30 10:24:08-06:00,2025-05-30 10:25:51-06:00,10.416666666666666
209,2025-05-30 16:28:34.010000+00:00,2025-05-30 17:01:05+00:00,0.5419416666666667,-1139997150,510504150,2025-05-30 10:28:34.010000-06:00,2025-05-30 11:01:05-06:00,10.016666666666667
210,2025-05-30 17:33:46+00:00,2025-05-30 17:35:27.010000+00:00,0.028058333333333334,-1140446033,509898499,2025-05-30 11:33:46-06:00,2025-05-30 11:35:27.010000-06:00,11.583333333333334
211,2025-05-30 17:46:26+00:00,2025-05-30 17:57:45.010000+00:00,0.1886138888888889,-1140565400,510040483,2025-05-30 11:46:26-06:00,2025-05-30 11:57:45.010000-06:00,11.95
212,2025-05-30 18:07:30+00:00,2025-05-30 18:09:19+00:00,0.03027777777777778,-1140903950,509856083,2025-05-30 12:07:30-06:00,2025-05-30 12:09:19-06:00,12.15
213,2025-05-30 18:21:58+00:00,2025-05-30 18:31:37+00:00,0.16083333333333333,-1141279000,509446066,2025-05-30 12:21:58-06:00,2025-05-30 12:31:37-06:00,12.516666666666667
214,2025-05-30 18:33:46+00:00,2025-05-31 16:58:33.010000+00:00,22.413058333333332,-1141283150,509446499,2025-05-30 12:33:46-06:00,2025-05-31 10:58:33.010000-06:00,12.966666666666667
215,2025-05-31 16:59:59+00:00,2025-05-31 17:00:19+00:00,0.005555555555555556,-1141283833,509446066,2025-05-31 10:59:59-06:00,2025-05-31 11:00:19-06:00,10.0
216,2025-05-31 17:26:29+00:00,2025-05-31 17:27:41+00:00,0.02,-1141999966,510901966,2025-05-31 11:26:29-06:00,2025-05-31 11:27:41-06:00,11.45
217,2025-05-31 17:29:56+00:00,2025-05-31 17:36:16+00:00,0.10555555555555556,-1142006566,510893983,2025-05-31 11:29:56-06:00,2025-05-31 11:36:16-06:00,11.6
218,2025-05-31 18:23:47+00:00,2025-05-31 19:09:55+00:00,0.7688888888888888,-1140752783,511351650,2025-05-31 12:23:47-06:00,2025-05-31 13:09:55-06:00,12.15
219,2025-05-31 19:44:04+00:00,2025-06-02 03:26:03+00:00,31.69972222222222,-1141283633,509446733,2025-05-31 13:44:04-06:00,2025-06-01 21:26:03-06:00,13.433333333333334
220,2025-06-02 03:51:37+00:00,2025-06-02 04:15:57.010000+00:00,0.40555833333333335,-1140778533,510519166,2025-06-01 21:51:37-06:00,2025-06-01 22:15:57.010000-06:00,21.25
221,2025-06-02 04:35:03+00:00,2025-06-02 14:38:05+00:00,10.050555555555556,-1141283933,509446583,2025-06-01 22:35:03-06:00,2025-06-02 08:38:05-06:00,22.633333333333333
222,2025-06-02 15:01:19+00:00,2025-06-02 15:55:42.010000+00:00,0.9063916666666667,-1139588266,508709200,2025-06-02 09:01:19-06:00,2025-06-02 09:55:42.010000-06:00,9.916666666666666
223,2025-06-02 15:59:26+00:00,2025-06-02 16:12:09.010000+00:00,0.21194722222222223,-1139574750,508710383,2025-06-02 09:59:26-06:00,2025-06-02 10:12:09.010000-06:00,9.2
224,2025-06-02 16:30:35.010000+00:00,2025-06-02 18:24:43.010000+00:00,1.9022222222222223,-1141284333,509446300,2025-06-02 10:30:35.010000-06:00,2025-06-02 12:24:43.010000-06:00,10.4
225,2025-06-02 18:46:53+00:00,2025-06-02 18:55:58+00:00,0.15138888888888888,-1139818633,510172116,2025-06-02 12:46:53-06:00,2025-06-02 12:55:58-06:00,12.916666666666666
226,2025-06-02 19:10:06.010000+00:00,2025-06-02 19:30:05.010000+00:00,0.33305555555555555,-1140563516,510847583,2025-06-02 13:10:06.010000-06:00,2025-06-02 13:30:05.010000-06:00,13.5
227,2025-06-02 19:48:54.010000+00:00,2025-06-02 20:19:52+00:00,0.5161083333333334,-1140441816,509893666,2025-06-02 13:48:54.010000-06:00,2025-06-02 14:19:52-06:00,13.316666666666666
228,2025-06-02 20:31:17+00:00,2025-06-02 20:40:20+00:00,0.15083333333333335,-1140898216,509856183,2025-06-02 14:31:17-06:00,2025-06-02 14:40:20-06:00,14.666666666666666
229,2025-06-02 20:54:58.010000+00:00,2025-06-02 21:41:57+00:00,0.7830527777777777,-1141283600,509446433,2025-06-02 14:54:58.010000-06:00,2025-06-02 15:41:57-06:00,14.683333333333334
230,2025-06-02 22:09:10+00:00,2025-06-02 23:44:06+00:00,1.5822222222222222,-1140752000,510522599,2025-06-02 16:09:10-06:00,2025-06-02 17:44:06-06:00,16.733333333333334
231,2025-06-03 00:00:56+00:00,2025-06-03 00:12:44+00:00,0.19666666666666666,-1140565466,510040200,2025-06-02 18:00:56-06:00,2025-06-02 18:12:44-06:00,18.2
232,2025-06-03 00:22:38.010000+00:00,2025-06-03 00:50:07+00:00,0.45805277777777775,-1140426516,510354016,2025-06-02 18:22:38.010000-06:00,2025-06-02 18:50:07-06:00,18.833333333333332
233,2025-06-03 01:14:56+00:00,2025-06-03 13:53:51+00:00,12.64861111111111,-1141283450,509446550,2025-06-02 19:14:56-06:00,2025-06-03 07:53:51-06:00,19.883333333333333
234,2025-06-03 14:21:24.010000+00:00,2025-06-03 14:24:23+00:00,0.04971944444444445,-1140501783,509923350,2025-06-03 08:21:24.010000-06:00,2025-06-03 08:24:23-06:00,8.4
235,2025-06-03 14:54:32.010000+00:00,2025-06-03 15:47:15+00:00,0.8786083333333333,-1141854433,511197900,2025-06-03 08:54:32.010000-06:00,2025-06-03 09:47:15-06:00,8.783333333333333
236,2025-06-03 16:22:31.010000+00:00,2025-06-03 17:11:06.010000+00:00,0.8097222222222222,-1141207816,510372583,2025-06-03 10:22:31.010000-06:00,2025-06-03 11:11:06.010000-06:00,10.183333333333334
237,2025-06-03 17:20:20.010000+00:00,2025-06-03 17:21:20+00:00,0.016663888888888888,-1140877650,510570049,2025-06-03 11:20:20.010000-06:00,2025-06-03 11:21:20-06:00,11.35
238,2025-06-03 17:26:04.010000+00:00,2025-06-03 17:26:48.010000+00:00,0.012222222222222223,-1140629366,510668800,2025-06-03 11:26:04.010000-06:00,2025-06-03 11:26:48.010000-06:00,11.433333333333334
239,2025-06-03 17:28:30.010000+00:00,2025-06-03 17:34:25.010000+00:00,0.09861111111111111,-1140614683,510684033,2025-06-03 11:28:30.010000-06:00,2025-06-03 11:34:25.010000-06:00,11.566666666666666
240,2025-06-03 17:46:02.010000+00:00,2025-06-03 20:06:00+00:00,2.332775,-1140291700,510893566,2025-06-03 11:46:02.010000-06:00,2025-06-03 14:06:00-06:00,11.1
241,2025-06-03 20:29:38+00:00,2025-06-03 20:39:58+00:00,0.17222222222222222,-1140904383,509855716,2025-06-03 14:29:38-06:00,2025-06-03 14:39:58-06:00,14.65
242,2025-06-03 20:52:09.010000+00:00,2025-06-03 21:58:05+00:00,1.098886111111111,-1141283550,509446466,2025-06-03 14:52:09.010000-06:00,2025-06-03 15:58:05-06:00,14.966666666666667
243,2025-06-03 22:30:20+00:00,2025-06-04 00:01:44+00:00,1.5233333333333334,-1140237100,510400449,2025-06-03 16:30:20-06:00,2025-06-03 18:01:44-06:00,16.016666666666666
244,2025-06-04 00:14:07+00:00,2025-06-04 00:14:35+00:00,0.0077777777777777776,-1140680383,510425316,2025-06-03 18:14:07-06:00,2025-06-03 18:14:35-06:00,18.233333333333334
245,2025-06-04 00:22:18+00:00,2025-06-04 00:23:09+00:00,0.014166666666666666,-1140973550,510396116,2025-06-03 18:22:18-06:00,2025-06-03 18:23:09-06:00,18.383333333333333
246,2025-06-04 00:25:08.010000+00:00,2025-06-04 00:37:53+00:00,0.21249722222222223,-1140973866,510399883,2025-06-03 18:25:08.010000-06:00,2025-06-03 18:37:53-06:00,18.616666666666667
247,2025-06-04 00:39:01.010000+00:00,2025-06-04 01:26:40+00:00,0.7941638888888888,-1140974983,510399050,2025-06-03 18:39:01.010000-06:00,2025-06-03 19:26:40-06:00,18.433333333333334
248,2025-06-04 01:32:57.010000+00:00,2025-06-04 01:33:10+00:00,0.003608333333333333,-1141181233,510121950,2025-06-03 19:32:57.010000-06:00,2025-06-03 19:33:10-06:00,19.55
249,2025-06-04 01:38:18.010000+00:00,2025-06-04 01:38:23+00:00,0.0013861111111111112,-1140953416,509652633,2025-06-03 19:38:18.010000-06:00,2025-06-03 19:38:23-06:00,19.633333333333333
250,2025-06-04 01:39:30+00:00,2025-06-04 01:39:43+00:00,0.003611111111111111,-1140950066,509538033,2025-06-03 19:39:30-06:00,2025-06-03 19:39:43-06:00,19.65
251,2025-06-04 01:40:55.010000+00:00,2025-06-04 01:40:58+00:00,0.0008305555555555556,-1141134133,509505983,2025-06-03 19:40:55.010000-06:00,2025-06-03 19:40:58-06:00,19.666666666666668
252,2025-06-04 01:42:16.010000+00:00,2025-06-04 01:42:59+00:00,0.011941666666666666,-1141174883,509504733,2025-06-03 19:42:16.010000-06:00,2025-06-03 19:42:59-06:00,19.7
253,2025-06-04 01:47:33+00:00,2025-06-04 13:52:53+00:00,12.088888888888889,-1141282966,509446783,2025-06-03 19:47:33-06:00,2025-06-04 07:52:53-06:00,19.866666666666667
254,2025-06-04 14:28:30.010000+00:00,2025-06-04 14:29:08+00:00,0.010552777777777779,-1140501116,509922833,2025-06-04 08:28:30.010000-06:00,2025-06-04 08:29:08-06:00,8.483333333333333
255,2025-06-04 14:46:22+00:00,2025-06-04 18:41:44.010000+00:00,3.9227805555555557,-1140293183,510893200,2025-06-04 08:46:22-06:00,2025-06-04 12:41:44.010000-06:00,8.683333333333334
256,2025-06-04 19:02:59.010000+00:00,2025-06-04 19:10:04+00:00,0.11805277777777778,-1140786283,510672299,2025-06-04 13:02:59.010000-06:00,2025-06-04 13:10:04-06:00,13.166666666666666
257,2025-06-04 19:21:26+00:00,2025-06-04 19:50:07.010000+00:00,0.4780583333333333,-1140584333,510507233,2025-06-04 13:21:26-06:00,2025-06-04 13:50:07.010000-06:00,13.833333333333334
258,2025-06-04 20:00:46+00:00,2025-06-04 20:24:55.010000+00:00,0.40250277777777776,-1140816333,510439166,2025-06-04 14:00:46-06:00,2025-06-04 14:24:55.010000-06:00,14.4
259,2025-06-04 20:40:51+00:00,2025-06-04 20:42:07.010000+00:00,0.02111388888888889,-1140904333,509856500,2025-06-04 14:40:51-06:00,2025-06-04 14:42:07.010000-06:00,14.7
260,2025-06-04 20:55:21.010000+00:00,2025-06-04 21:59:03+00:00,1.0616638888888887,-1141283499,509446750,2025-06-04 14:55:21.010000-06:00,2025-06-04 15:59:03-06:00,14.983333333333333
261,2025-06-04 22:13:10+00:00,2025-06-04 22:15:25.010000+00:00,0.037502777777777774,-1141450283,509401316,2025-06-04 16:13:10-06:00,2025-06-04 16:15:25.010000-06:00,16.25
262,2025-06-04 22:50:13+00:00,2025-06-04 23:29:14+00:00,0.6502777777777777,-1140425983,510355766,2025-06-04 16:50:13-06:00,2025-06-04 17:29:14-06:00,16.483333333333334
263,2025-06-05 00:18:37+00:00,2025-06-05 01:02:15+00:00,0.7272222222222222,-1141046966,511730100,2025-06-04 18:18:37-06:00,2025-06-04 19:02:15-06:00,18.033333333333335
264,2025-06-05 01:26:29+00:00,2025-06-05 01:30:50+00:00,0.0725,-1141341800,510239399,2025-06-04 19:26:29-06:00,2025-06-04 19:30:50-06:00,19.5
265,2025-06-05 01:37:50+00:00,2025-06-05 01:49:25+00:00,0.19305555555555556,-1141341416,510239133,2025-06-04 19:37:50-06:00,2025-06-04 19:49:25-06:00,19.816666666666666
266,2025-06-05 02:03:22+00:00,2025-06-05 13:44:21+00:00,11.683055555555555,-1141282633,509446783,2025-06-04 20:03:22-06:00,2025-06-05 07:44:21-06:00,20.733333333333334
267,2025-06-05 14:13:16+00:00,2025-06-05 14:21:58.010000+00:00,0.14500277777777779,-1141400100,510382783,2025-06-05 08:13:16-06:00,2025-06-05 08:21:58.010000-06:00,8.35
268,2025-06-05 14:29:27.010000+00:00,2025-06-05 14:58:17.010000+00:00,0.48055555555555557,-1141341316,510238850,2025-06-05 08:29:27.010000-06:00,2025-06-05 08:58:17.010000-06:00,8.966666666666667
269,2025-06-05 15:05:22+00:00,2025-06-05 15:56:51.010000+00:00,0.8580583333333334,-1141341016,510238933,2025-06-05 09:05:22-06:00,2025-06-05 09:56:51.010000-06:00,9.933333333333334
270,2025-06-05 16:29:51+00:00,2025-06-05 18:15:29.010000+00:00,1.7605583333333334,-1141047316,511729850,2025-06-05 10:29:51-06:00,2025-06-05 12:15:29.010000-06:00,10.25
271,2025-06-05 18:24:37.010000+00:00,2025-06-05 18:30:41+00:00,0.10110833333333334,-1140876666,511574433,2025-06-05 12:24:37.010000-06:00,2025-06-05 12:30:41-06:00,12.5
272,2025-06-05 18:54:22+00:00,2025-06-05 18:57:11+00:00,0.04694444444444444,-1140876983,511574583,2025-06-05 12:54:22-06:00,2025-06-05 12:57:11-06:00,12.95
273,2025-06-05 19:33:15+00:00,2025-06-05 20:27:00+00:00,0.8958333333333334,-1141283583,509446116,2025-06-05 13:33:15-06:00,2025-06-05 14:27:00-06:00,13.45
274,2025-06-05 20:41:21+00:00,2025-06-05 20:41:42+00:00,0.005833333333333334,-1140903600,509856633,2025-06-05 14:41:21-06:00,2025-06-05 14:41:42-06:00,14.683333333333334
275,2025-06-05 20:56:40+00:00,2025-06-05 22:22:00.010000+00:00,1.422225,-1141283816,509446516,2025-06-05 14:56:40-06:00,2025-06-05 16:22:00.010000-06:00,14.366666666666667
276,2025-06-05 22:39:28+00:00,2025-06-06 00:12:07+00:00,1.5441666666666667,-1139739250,508870616,2025-06-05 16:39:28-06:00,2025-06-05 18:12:07-06:00,16.2
277,2025-06-06 00:28:12+00:00,2025-06-06 02:16:49+00:00,1.8102777777777779,-1141298199,509349950,2025-06-05 18:28:12-06:00,2025-06-05 20:16:49-06:00,18.266666666666666
278,2025-06-06 02:21:05+00:00,2025-06-06 17:54:56+00:00,15.564166666666667,-1141282466,509446250,2025-06-05 20:21:05-06:00,2025-06-06 11:54:56-06:00,20.9
279,2025-06-06 18:16:45+00:00,2025-06-06 20:19:49+00:00,2.051111111111111,-1141004166,509812900,2025-06-06 12:16:45-06:00,2025-06-06 14:19:49-06:00,12.316666666666666
280,2025-06-06 20:31:53.010000+00:00,2025-06-06 21:53:39+00:00,1.3627749999999998,-1141284300,509446916,2025-06-06 14:31:53.010000-06:00,2025-06-06 15:53:39-06:00,14.883333333333333
281,2025-06-06 21:55:09.010000+00:00,2025-06-06 21:57:17+00:00,0.03555277777777777,-1141277733,509446699,2025-06-06 15:55:09.010000-06:00,2025-06-06 15:57:17-06:00,15.95
282,2025-06-06 22:19:06.010000+00:00,2025-06-06 22:23:00+00:00,0.06499722222222222,-1140501516,509922833,2025-06-06 16:19:06.010000-06:00,2025-06-06 16:23:00-06:00,16.383333333333333
283,2025-06-06 22:39:26+00:00,2025-06-06 22:39:45+00:00,0.005277777777777778,-1139733466,509403583,2025-06-06 16:39:26-06:00,2025-06-06 16:39:45-06:00,16.65
284,2025-06-06 22:41:37.010000+00:00,2025-06-06 23:27:47+00:00,0.7694416666666666,-1139726250,509404949,2025-06-06 16:41:37.010000-06:00,2025-06-06 17:27:47-06:00,16.45
285,2025-06-06 23:29:30.010000+00:00,2025-06-06 23:30:39+00:00,0.019163888888888887,-1139733499,509404633,2025-06-06 17:29:30.010000-06:00,2025-06-06 17:30:39-06:00,17.5
286,2025-06-06 23:44:51+00:00,2025-06-06 23:44:54+00:00,0.0008333333333333334,-1140397000,509865433,2025-06-06 17:44:51-06:00,2025-06-06 17:44:54-06:00,17.733333333333334
287,2025-06-06 23:49:50+00:00,2025-06-06 23:50:46+00:00,0.015555555555555555,-1140482333,510014583,2025-06-06 17:49:50-06:00,2025-06-06 17:50:46-06:00,17.833333333333332
288,2025-06-06 23:53:58+00:00,2025-06-07 00:15:19+00:00,0.35583333333333333,-1140565649,510041183,2025-06-06 17:53:58-06:00,2025-06-06 18:15:19-06:00,17.25
289,2025-06-07 00:38:51+00:00,2025-06-07 00:39:27+00:00,0.01,-1141963183,510857233,2025-06-06 18:38:51-06:00,2025-06-06 18:39:27-06:00,18.65
290,2025-06-07 00:41:44+00:00,2025-06-07 01:18:33.010000+00:00,0.6136138888888889,-1141959683,510852100,2025-06-06 18:41:44-06:00,2025-06-06 19:18:33.010000-06:00,18.3
291,2025-06-07 01:39:52.010000+00:00,2025-06-08 20:21:07.010000+00:00,42.6875,-1141282733,509446800,2025-06-06 19:39:52.010000-06:00,2025-06-08 14:21:07.010000-06:00,19.35
292,2025-06-08 20:35:03+00:00,2025-06-08 21:25:16.010000+00:00,0.8369472222222223,-1140793450,509248966,2025-06-08 14:35:03-06:00,2025-06-08 15:25:16.010000-06:00,14.416666666666666
293,2025-06-08 21:28:00+00:00,2025-06-08 21:28:47+00:00,0.013055555555555556,-1140836983,509265683,2025-06-08 15:28:00-06:00,2025-06-08 15:28:47-06:00,15.466666666666667
294,2025-06-08 21:49:25+00:00,2025-06-08 22:45:00+00:00,0.9263888888888889,-1141449800,509390116,2025-06-08 15:49:25-06:00,2025-06-08 16:45:00-06:00,15.75
295,2025-06-08 22:56:40.010000+00:00,2025-06-08 23:02:29+00:00,0.09694166666666668,-1141213916,509570166,2025-06-08 16:56:40.010000-06:00,2025-06-08 17:02:29-06:00,16.033333333333335
296,2025-06-08 23:09:42+00:00,2025-06-09 14:43:19+00:00,15.560277777777777,-1141283716,509446766,2025-06-08 17:09:42-06:00,2025-06-09 08:43:19-06:00,17.716666666666665
297,2025-06-09 15:01:37.010000+00:00,2025-06-09 15:50:30+00:00,0.8147194444444443,-1140787916,509211183,2025-06-09 09:01:37.010000-06:00,2025-06-09 09:50:30-06:00,9.833333333333334
298,2025-06-09 16:07:16+00:00,2025-06-09 16:10:10+00:00,0.04833333333333333,-1139753933,508650716,2025-06-09 10:07:16-06:00,2025-06-09 10:10:10-06:00,10.166666666666666
299,2025-06-09 16:14:24+00:00,2025-06-09 16:15:08+00:00,0.012222222222222223,-1139749716,508644966,2025-06-09 10:14:24-06:00,2025-06-09 10:15:08-06:00,10.25
300,2025-06-09 16:17:15+00:00,2025-06-09 16:47:35.010000+00:00,0.5055583333333333,-1139752133,508655983,2025-06-09 10:17:15-06:00,2025-06-09 10:47:35.010000-06:00,10.783333333333333
301,2025-06-09 17:13:12+00:00,2025-06-09 17:44:39.010000+00:00,0.5241694444444445,-1140280400,509876816,2025-06-09 11:13:12-06:00,2025-06-09 11:44:39.010000-06:00,11.733333333333333
302,2025-06-09 17:57:48+00:00,2025-06-09 19:31:58.030000+00:00,1.5694527777777778,-1139875583,510051249,2025-06-09 11:57:48-06:00,2025-06-09 13:31:58.030000-06:00,11.516666666666667
303,2025-06-09 19:59:06+00:00,2025-06-09 19:59:57.010000+00:00,0.014169444444444445,-1142093066,510606883,2025-06-09 13:59:06-06:00,2025-06-09 13:59:57.010000-06:00,13.983333333333333
304,2025-06-09 20:03:56.010000+00:00,2025-06-09 20:21:15+00:00,0.28860833333333336,-1142088316,510615149,2025-06-09 14:03:56.010000-06:00,2025-06-09 14:21:15-06:00,14.35
305,2025-06-09 20:42:54.010000+00:00,2025-06-09 20:45:41+00:00,0.046386111111111114,-1140904050,509855983,2025-06-09 14:42:54.010000-06:00,2025-06-09 14:45:41-06:00,14.75
306,2025-06-09 20:53:37+00:00,2025-06-09 20:56:26.010000+00:00,0.04694722222222222,-1140708983,509851500,2025-06-09 14:53:37-06:00,2025-06-09 14:56:26.010000-06:00,14.933333333333334
307,2025-06-09 20:58:19+00:00,2025-06-09 20:58:51.020000+00:00,0.008894444444444446,-1140772516,509858133,2025-06-09 14:58:19-06:00,2025-06-09 14:58:51.020000-06:00,14.966666666666667
308,2025-06-09 21:02:57+00:00,2025-06-09 21:03:20+00:00,0.006388888888888889,-1140952066,509669483,2025-06-09 15:02:57-06:00,2025-06-09 15:03:20-06:00,15.05
309,2025-06-09 21:06:50+00:00,2025-06-09 21:08:49+00:00,0.03305555555555555,-1141176466,509504350,2025-06-09 15:06:50-06:00,2025-06-09 15:08:49-06:00,15.133333333333333
310,2025-06-09 21:11:58+00:00,2025-06-09 23:02:28+00:00,1.8416666666666666,-1141283550,509447050,2025-06-09 15:11:58-06:00,2025-06-09 17:02:28-06:00,15.033333333333333
311,2025-06-09 23:17:28+00:00,2025-06-09 23:19:32+00:00,0.034444444444444444,-1141451850,509400533,2025-06-09 17:17:28-06:00,2025-06-09 17:19:32-06:00,17.316666666666666
312,2025-06-09 23:38:51+00:00,2025-06-09 23:44:09.010000+00:00,0.08833611111111112,-1142084933,511094883,2025-06-09 17:38:51-06:00,2025-06-09 17:44:09.010000-06:00,17.733333333333334
313,2025-06-10 00:01:37+00:00,2025-06-10 01:13:04+00:00,1.1908333333333334,-1140877250,511574866,2025-06-09 18:01:37-06:00,2025-06-09 19:13:04-06:00,18.216666666666665
314,2025-06-10 01:51:55+00:00,2025-06-10 14:28:37+00:00,12.611666666666666,-1141283433,509446050,2025-06-09 19:51:55-06:00,2025-06-10 08:28:37-06:00,19.466666666666665
315,2025-06-10 15:24:35+00:00,2025-06-10 16:20:23+00:00,0.93,-1141091933,511507583,2025-06-10 09:24:35-06:00,2025-06-10 10:20:23-06:00,9.333333333333334
316,2025-06-10 16:22:11+00:00,2025-06-10 16:31:29+00:00,0.155,-1141093166,511512416,2025-06-10 10:22:11-06:00,2025-06-10 10:31:29-06:00,10.516666666666667
317,2025-06-10 16:43:59+00:00,2025-06-10 18:29:10+00:00,1.7530555555555556,-1141091150,511702683,2025-06-10 10:43:59-06:00,2025-06-10 12:29:10-06:00,10.483333333333333
