device_id,id,vehicle_event_type_id,vehicle_id,data,date_created
"1","2602351","250","1380","1","'2025-06-10T18:42:27+00:00'"
"1","2602328","250","1380","0","'2025-06-10T18:38:59.01+00:00'"
"1","2599218","250","1380","1","'2025-06-10T18:29:10+00:00'"
"1","2596395","250","1380","0","'2025-06-10T16:43:59+00:00'"
"1","2591648","250","1380","1","'2025-06-10T16:31:29+00:00'"
"1","2591567","250","1380","0","'2025-06-10T16:22:11+00:00'"
"1","2591277","250","1380","1","'2025-06-10T16:20:23+00:00'"
"1","2578798","250","1380","0","'2025-06-10T15:24:35+00:00'"
"1","2576197","250","1380","1","'2025-06-10T14:28:37+00:00'"
"1","2570112","250","1380","0","'2025-06-10T01:51:55+00:00'"
"1","2547531","250","1380","1","'2025-06-10T01:13:04+00:00'"
"1","2535841","250","1380","0","'2025-06-10T00:01:37+00:00'"
"1","2523119","250","1380","1","'2025-06-09T23:44:09.01+00:00'"
"1","2521117","250","1380","0","'2025-06-09T23:38:51+00:00'"
"1","2518075","250","1380","1","'2025-06-09T23:19:32+00:00'"
"1","2518047","250","1380","0","'2025-06-09T23:17:28+00:00'"
"1","2513950","250","1380","1","'2025-06-09T23:02:28+00:00'"
"1","2497320","250","1380","0","'2025-06-09T21:11:58+00:00'"
"1","2495127","250","1380","1","'2025-06-09T21:08:49+00:00'"
"1","2493495","250","1380","0","'2025-06-09T21:06:50+00:00'"
"1","2490386","250","1380","1","'2025-06-09T21:03:20+00:00'"
"1","2489999","250","1380","0","'2025-06-09T21:02:57+00:00'"
"1","2486332","250","1380","1","'2025-06-09T20:58:51.02+00:00'"
"1","2485804","250","1380","0","'2025-06-09T20:58:19+00:00'"
"1","2484240","250","1380","1","'2025-06-09T20:56:26.01+00:00'"
"1","2483045","250","1380","0","'2025-06-09T20:53:37+00:00'"
"1","2477367","250","1380","1","'2025-06-09T20:45:41+00:00'"
"1","2476525","250","1380","0","'2025-06-09T20:42:54.01+00:00'"
"1","2466883","250","1380","1","'2025-06-09T20:21:15+00:00'"
"1","2465366","250","1380","0","'2025-06-09T20:03:56.01+00:00'"
"1","2464175","250","1380","1","'2025-06-09T19:59:57.01+00:00'"
"1","2464127","250","1380","0","'2025-06-09T19:59:06+00:00'"
"1","2448493","250","1380","1","'2025-06-09T19:31:58.03+00:00'"
"1","2445870","250","1380","0","'2025-06-09T17:57:48+00:00'"
"1","2439478","250","1380","1","'2025-06-09T17:44:39.01+00:00'"
"1","2438969","250","1380","0","'2025-06-09T17:13:12+00:00'"
"1","2427385","250","1380","1","'2025-06-09T16:47:35.01+00:00'"
"1","2426898","250","1380","0","'2025-06-09T16:17:15+00:00'"
"1","2426788","250","1380","1","'2025-06-09T16:15:08+00:00'"
"1","2426751","250","1380","0","'2025-06-09T16:14:24+00:00'"
"1","2425423","250","1380","1","'2025-06-09T16:10:10+00:00'"
"1","2425272","250","1380","0","'2025-06-09T16:07:16+00:00'"
"1","2415085","250","1380","1","'2025-06-09T15:50:30+00:00'"
"1","2409141","250","1380","0","'2025-06-09T15:01:37.01+00:00'"
"1","2408013","250","1380","1","'2025-06-09T14:43:19+00:00'"
"1","2388804","250","1380","0","'2025-06-08T23:09:42+00:00'"
"1","2385740","250","1380","1","'2025-06-08T23:02:29+00:00'"
"1","2385597","250","1380","0","'2025-06-08T22:56:40.01+00:00'"
"1","2385593","250","1380","0","'2025-06-08T22:56:40.01+00:00'"
"1","2384856","250","1380","1","'2025-06-08T22:45:00+00:00'"
"1","2384574","250","1380","0","'2025-06-08T21:49:25+00:00'"
"1","2383411","250","1380","1","'2025-06-08T21:28:47+00:00'"
"1","2383395","250","1380","0","'2025-06-08T21:28:00+00:00'"
"1","2383295","250","1380","1","'2025-06-08T21:25:16.01+00:00'"
"1","2382834","250","1380","0","'2025-06-08T20:35:03+00:00'"
"1","2381944","250","1380","1","'2025-06-08T20:21:07.01+00:00'"
"1","2380017","250","1380","0","'2025-06-07T01:39:52.01+00:00'"
"1","2370501","250","1380","1","'2025-06-07T01:18:33.01+00:00'"
"1","2369805","250","1380","0","'2025-06-07T00:41:44+00:00'"
"1","2368928","250","1380","1","'2025-06-07T00:39:27+00:00'"
"1","2368913","250","1380","0","'2025-06-07T00:38:51+00:00'"
"1","2368907","250","1380","0","'2025-06-07T00:38:51+00:00'"
"1","2359450","250","1380","1","'2025-06-07T00:15:19+00:00'"
"1","2359329","250","1380","0","'2025-06-06T23:53:58+00:00'"
"1","2358174","250","1380","1","'2025-06-06T23:50:46+00:00'"
"1","2358216","250","1380","1","'2025-06-06T23:50:46+00:00'"
"1","2358091","250","1380","0","'2025-06-06T23:49:50+00:00'"
"1","2356130","250","1380","1","'2025-06-06T23:44:54+00:00'"
"1","2356088","250","1380","0","'2025-06-06T23:44:51+00:00'"
"1","2349154","250","1380","1","'2025-06-06T23:30:39+00:00'"
"1","2349086","250","1380","0","'2025-06-06T23:29:30.01+00:00'"
"1","2348700","250","1380","1","'2025-06-06T23:27:47+00:00'"
"1","2348200","250","1380","0","'2025-06-06T22:41:37.01+00:00'"
"1","2347822","250","1380","1","'2025-06-06T22:39:45+00:00'"
"1","2347808","250","1380","0","'2025-06-06T22:39:26+00:00'"
"1","2341299","250","1380","1","'2025-06-06T22:23:00+00:00'"
"1","2341230","250","1380","0","'2025-06-06T22:19:06.01+00:00'"
"1","2335283","250","1380","1","'2025-06-06T21:57:17+00:00'"
"1","2334298","250","1380","0","'2025-06-06T21:55:09.01+00:00'"
"1","2333247","250","1380","1","'2025-06-06T21:53:39+00:00'"
"1","2327145","250","1380","0","'2025-06-06T20:31:53.01+00:00'"
"1","2322558","250","1380","1","'2025-06-06T20:19:49+00:00'"
"1","2314152","250","1380","0","'2025-06-06T18:16:45+00:00'"
"1","2306023","250","1380","1","'2025-06-06T17:54:56+00:00'"
"1","2294464","250","1380","0","'2025-06-06T02:21:05+00:00'"
"1","2292360","250","1380","1","'2025-06-06T02:16:49+00:00'"
"1","2292088","250","1380","0","'2025-06-06T00:28:12+00:00'"
"1","2286430","250","1380","1","'2025-06-06T00:12:07+00:00'"
"1","2286071","250","1380","0","'2025-06-05T22:39:28+00:00'"
"1","2275448","250","1380","1","'2025-06-05T22:22:00.01+00:00'"
"1","2262834","250","1380","0","'2025-06-05T20:56:40+00:00'"
"1","2259762","250","1380","1","'2025-06-05T20:41:42+00:00'"
"1","2259744","250","1380","0","'2025-06-05T20:41:21+00:00'"
"1","2253395","250","1380","1","'2025-06-05T20:27:00+00:00'"
"1","2253293","250","1380","0","'2025-06-05T19:33:15+00:00'"
"1","2232605","250","1380","1","'2025-06-05T18:57:11+00:00'"
"1","2232581","250","1380","0","'2025-06-05T18:54:22+00:00'"
"1","2228764","250","1380","1","'2025-06-05T18:30:41+00:00'"
"1","2226046","250","1380","0","'2025-06-05T18:24:37.01+00:00'"
"1","2218384","250","1380","1","'2025-06-05T18:15:29.01+00:00'"
"1","2193793","250","1380","0","'2025-06-05T16:29:51+00:00'"
"1","2177322","250","1380","1","'2025-06-05T15:56:51.01+00:00'"
"1","2176839","250","1380","0","'2025-06-05T15:05:22+00:00'"
"1","2175613","250","1380","1","'2025-06-05T14:58:17.01+00:00'"
"1","2175561","250","1380","0","'2025-06-05T14:29:27.01+00:00'"
"1","2175092","250","1380","1","'2025-06-05T14:21:58.01+00:00'"
"1","2174487","250","1380","0","'2025-06-05T14:13:16+00:00'"
"1","2159927","250","1380","1","'2025-06-05T13:44:21+00:00'"
"1","2141329","250","1380","0","'2025-06-05T02:03:22+00:00'"
"1","2133304","250","1380","1","'2025-06-05T01:49:25+00:00'"
"1","2133266","250","1380","0","'2025-06-05T01:37:50+00:00'"
"1","2132271","250","1380","1","'2025-06-05T01:30:50+00:00'"
"1","2132168","250","1380","0","'2025-06-05T01:26:29+00:00'"
"1","2117122","250","1380","1","'2025-06-05T01:02:15+00:00'"
"1","2116256","250","1380","0","'2025-06-05T00:18:37+00:00'"
"1","2099766","250","1380","1","'2025-06-04T23:29:14+00:00'"
"1","2097168","250","1380","0","'2025-06-04T22:50:13+00:00'"
"1","2082574","250","1380","1","'2025-06-04T22:15:25.01+00:00'"
"1","2082462","250","1380","0","'2025-06-04T22:13:10+00:00'"
"1","2078396","250","1380","1","'2025-06-04T21:59:03+00:00'"
"1","2077151","250","1380","0","'2025-06-04T20:55:21.01+00:00'"
"1","2070325","250","1380","1","'2025-06-04T20:42:07.01+00:00'"
"1","2070321","250","1380","0","'2025-06-04T20:40:51+00:00'"
"1","2063830","250","1380","1","'2025-06-04T20:24:55.01+00:00'"
"1","2063802","250","1380","0","'2025-06-04T20:00:46+00:00'"
"1","2059082","250","1380","1","'2025-06-04T19:50:07.01+00:00'"
"1","2058585","250","1380","0","'2025-06-04T19:21:26+00:00'"
"1","2054592","250","1380","1","'2025-06-04T19:10:04+00:00'"
"1","2054400","250","1380","0","'2025-06-04T19:02:59.01+00:00'"
"1","2046293","250","1380","1","'2025-06-04T18:41:44.01+00:00'"
"1","2041463","250","1380","0","'2025-06-04T14:46:22+00:00'"
"1","2033243","250","1380","1","'2025-06-04T14:29:08+00:00'"
"1","2033230","250","1380","0","'2025-06-04T14:28:30.01+00:00'"
"1","2018722","250","1380","1","'2025-06-04T13:52:53+00:00'"
"1","2018606","250","1380","0","'2025-06-04T01:47:33+00:00'"
"1","2017002","250","1380","1","'2025-06-04T01:42:59+00:00'"
"1","2016676","250","1380","0","'2025-06-04T01:42:16.01+00:00'"
"1","2016254","250","1380","1","'2025-06-04T01:40:58+00:00'"
"1","2016212","250","1380","0","'2025-06-04T01:40:55.01+00:00'"
"1","2015487","250","1380","1","'2025-06-04T01:39:43+00:00'"
"1","2015466","250","1380","0","'2025-06-04T01:39:30+00:00'"
"1","2014761","250","1380","1","'2025-06-04T01:38:23+00:00'"
"1","2014740","250","1380","0","'2025-06-04T01:38:18.01+00:00'"
"1","2012249","250","1380","1","'2025-06-04T01:33:10+00:00'"
"1","2012148","250","1380","0","'2025-06-04T01:32:57.01+00:00'"
"1","2009646","250","1380","1","'2025-06-04T01:26:40+00:00'"
"1","2009444","250","1380","0","'2025-06-04T00:39:01.01+00:00'"
"1","2009406","250","1380","1","'2025-06-04T00:37:53+00:00'"
"1","2009352","250","1380","0","'2025-06-04T00:25:08.01+00:00'"
"1","2009046","250","1380","1","'2025-06-04T00:23:09+00:00'"
"1","2009022","250","1380","0","'2025-06-04T00:22:18+00:00'"
"1","2006930","250","1380","1","'2025-06-04T00:14:35+00:00'"
"1","2006921","250","1380","0","'2025-06-04T00:14:07+00:00'"
"1","2002990","250","1380","1","'2025-06-04T00:01:44+00:00'"
"1","2000378","250","1380","0","'2025-06-03T22:30:20+00:00'"
"1","1988140","250","1380","1","'2025-06-03T21:58:05+00:00'"
"1","1987496","250","1380","0","'2025-06-03T20:52:09.01+00:00'"
"1","1980444","250","1380","1","'2025-06-03T20:39:58+00:00'"
"1","1980424","250","1380","0","'2025-06-03T20:29:38+00:00'"
"1","1969616","250","1380","1","'2025-06-03T20:06:00+00:00'"
"1","1969317","250","1380","0","'2025-06-03T17:46:02.01+00:00'"
"1","1965786","250","1380","1","'2025-06-03T17:34:25.01+00:00'"
"1","1965768","250","1380","0","'2025-06-03T17:28:30.01+00:00'"
"1","1965182","250","1380","1","'2025-06-03T17:26:48.01+00:00'"
"1","1965037","250","1380","0","'2025-06-03T17:26:04.01+00:00'"
"1","1962891","250","1380","1","'2025-06-03T17:21:20+00:00'"
"1","1962708","250","1380","0","'2025-06-03T17:20:20.01+00:00'"
"1","1958463","250","1380","1","'2025-06-03T17:11:06.01+00:00'"
"1","1958358","250","1380","0","'2025-06-03T16:22:31.01+00:00'"
"1","1945345","250","1380","1","'2025-06-03T15:47:15+00:00'"
"1","1945061","250","1380","0","'2025-06-03T14:54:32.01+00:00'"
"1","1932286","250","1380","1","'2025-06-03T14:24:23+00:00'"
"1","1932252","250","1380","0","'2025-06-03T14:21:24.01+00:00'"
"1","1920428","250","1380","1","'2025-06-03T13:53:51+00:00'"
"1","1919679","250","1380","0","'2025-06-03T01:14:56+00:00'"
"1","1910143","250","1380","1","'2025-06-03T00:50:07+00:00'"
"1","1910032","250","1380","0","'2025-06-03T00:22:38.01+00:00'"
"1","1906143","250","1380","1","'2025-06-03T00:12:44+00:00'"
"1","1906114","250","1380","0","'2025-06-03T00:00:56+00:00'"
"1","1899233","250","1380","1","'2025-06-02T23:44:06+00:00'"
"1","1890151","250","1380","0","'2025-06-02T22:09:10+00:00'"
"1","1878100","250","1380","1","'2025-06-02T21:41:57+00:00'"
"1","1877913","250","1380","0","'2025-06-02T20:54:58.01+00:00'"
"1","1869903","250","1380","1","'2025-06-02T20:40:20+00:00'"
"1","1868323","250","1380","0","'2025-06-02T20:31:17+00:00'"
"1","1863364","250","1380","1","'2025-06-02T20:19:52+00:00'"
"1","1861536","250","1380","0","'2025-06-02T19:48:54.01+00:00'"
"1","1852847","250","1380","1","'2025-06-02T19:30:05.01+00:00'"
"1","1852558","250","1380","0","'2025-06-02T19:10:06.01+00:00'"
"1","1846486","250","1380","1","'2025-06-02T18:55:58+00:00'"
"1","1846432","250","1380","0","'2025-06-02T18:46:53+00:00'"
"1","1837195","250","1380","1","'2025-06-02T18:24:43.01+00:00'"
"1","1837084","250","1380","0","'2025-06-02T16:30:35.01+00:00'"
"1","1826937","250","1380","1","'2025-06-02T16:12:09.01+00:00'"
"1","1826921","250","1380","0","'2025-06-02T15:59:26+00:00'"
"1","1826067","250","1380","1","'2025-06-02T15:55:42.01+00:00'"
"1","1825893","250","1380","0","'2025-06-02T15:01:19+00:00'"
"1","1815065","250","1380","1","'2025-06-02T14:38:05+00:00'"
"1","1814467","250","1380","0","'2025-06-02T04:35:03+00:00'"
"1","1811319","250","1380","1","'2025-06-02T04:15:57.01+00:00'"
"1","1811237","250","1380","0","'2025-06-02T03:51:37+00:00'"
"1","1800118","250","1380","1","'2025-06-02T03:26:03+00:00'"
"1","1785881","250","1380","0","'2025-05-31T19:44:04+00:00'"
"1","1767060","250","1380","1","'2025-05-31T19:09:55+00:00'"
"1","1759000","250","1380","0","'2025-05-31T18:23:47+00:00'"
"1","1749025","250","1380","1","'2025-05-31T17:36:16+00:00'"
"1","1748953","250","1380","0","'2025-05-31T17:29:56+00:00'"
"1","1748506","250","1380","1","'2025-05-31T17:27:41+00:00'"
"1","1748486","250","1380","0","'2025-05-31T17:26:29+00:00'"
"1","1735757","250","1380","1","'2025-05-31T17:00:19+00:00'"
"1","1735753","250","1380","0","'2025-05-31T16:59:59+00:00'"
"1","1735661","250","1380","1","'2025-05-31T16:58:33.01+00:00'"
"1","1723798","250","1380","0","'2025-05-30T18:33:46+00:00'"
"1","1723654","250","1380","1","'2025-05-30T18:31:37+00:00'"
"1","1723597","250","1380","0","'2025-05-30T18:21:58+00:00'"
"1","1722133","250","1380","1","'2025-05-30T18:09:19+00:00'"
"1","1722127","250","1380","0","'2025-05-30T18:07:30+00:00'"
"1","1720876","250","1380","1","'2025-05-30T17:57:45.01+00:00'"
"1","1720825","250","1380","0","'2025-05-30T17:46:26+00:00'"
"1","1719641","250","1380","1","'2025-05-30T17:35:27.01+00:00'"
"1","1719618","250","1380","0","'2025-05-30T17:33:46+00:00'"
"1","1716537","250","1380","1","'2025-05-30T17:01:05+00:00'"
"1","1716322","250","1380","0","'2025-05-30T16:28:34.01+00:00'"
"1","1716055","250","1380","1","'2025-05-30T16:25:51+00:00'"
"1","1716044","250","1380","0","'2025-05-30T16:24:08+00:00'"
"1","1713859","250","1380","1","'2025-05-30T16:00:11+00:00'"
"1","1713708","250","1380","0","'2025-05-30T14:47:42.01+00:00'"
"1","1711819","250","1380","1","'2025-05-30T14:31:50.01+00:00'"
"1","1711786","250","1380","0","'2025-05-30T14:31:26+00:00'"
"1","1709987","250","1380","1","'2025-05-30T14:15:05+00:00'"
"1","1705958","250","1380","0","'2025-05-30T01:44:24.01+00:00'"
"1","1705855","250","1380","1","'2025-05-30T01:39:06+00:00'"
"1","1705739","250","1380","0","'2025-05-30T01:15:03.01+00:00'"
"1","1704393","250","1380","1","'2025-05-30T01:02:28+00:00'"
"1","1704338","250","1380","0","'2025-05-30T00:04:20.01+00:00'"
"1","1699879","250","1380","1","'2025-05-29T23:25:06.01+00:00'"
"1","1695611","250","1380","0","'2025-05-29T22:17:33+00:00'"
"1","1689232","250","1380","1","'2025-05-29T21:49:50.01+00:00'"
"1","1689167","250","1380","0","'2025-05-29T20:55:17+00:00'"
"1","1685817","250","1380","1","'2025-05-29T20:28:58+00:00'"
"1","1685776","250","1380","0","'2025-05-29T19:33:57+00:00'"
"1","1681589","250","1380","1","'2025-05-29T19:07:09.01+00:00'"
"1","1681384","250","1380","0","'2025-05-29T17:47:24.01+00:00'"
"1","1658824","250","1380","1","'2025-05-29T17:09:33+00:00'"
"1","1658515","250","1380","0","'2025-05-29T15:25:50.01+00:00'"
"1","1651764","250","1380","1","'2025-05-29T15:11:55+00:00'"
"1","1648728","250","1380","0","'2025-05-29T14:36:33+00:00'"
"1","1644715","250","1380","1","'2025-05-29T14:28:00.01+00:00'"
"1","1644654","250","1380","0","'2025-05-29T14:24:51+00:00'"
"1","1632496","250","1380","1","'2025-05-29T13:53:30+00:00'"
"1","1632181","250","1380","0","'2025-05-29T03:04:53+00:00'"
"1","1621669","250","1380","1","'2025-05-29T02:40:31+00:00'"
"1","1621563","250","1380","0","'2025-05-29T02:27:24+00:00'"
"1","1614692","250","1380","1","'2025-05-29T02:11:51+00:00'"
"1","1614662","250","1380","0","'2025-05-29T01:55:39+00:00'"
"1","1606655","250","1380","1","'2025-05-29T01:35:59+00:00'"
"1","1606462","250","1380","0","'2025-05-29T00:56:40+00:00'"
"1","1598041","250","1380","1","'2025-05-29T00:31:30+00:00'"
"1","1597677","250","1380","0","'2025-05-29T00:19:39.01+00:00'"
"1","1595515","250","1380","1","'2025-05-29T00:15:26+00:00'"
"1","1595473","250","1380","0","'2025-05-29T00:15:23.01+00:00'"
"1","1595452","250","1380","0","'2025-05-29T00:15:23.01+00:00'"
"1","1593913","250","1380","1","'2025-05-29T00:12:17.01+00:00'"
"1","1593651","250","1380","0","'2025-05-29T00:11:53.01+00:00'"
"1","1589985","250","1380","1","'2025-05-29T00:05:56+00:00'"
"1","1589641","250","1380","0","'2025-05-29T00:05:30.01+00:00'"
"1","1589578","250","1380","1","'2025-05-29T00:04:19+00:00'"
"1","1588951","250","1380","0","'2025-05-29T00:02:23+00:00'"
"1","1588325","250","1380","1","'2025-05-29T00:00:48+00:00'"
"1","1588203","250","1380","0","'2025-05-29T00:00:28.01+00:00'"
"1","1586671","250","1380","1","'2025-05-28T23:57:04.01+00:00'"
"1","1586610","250","1380","0","'2025-05-28T23:56:53+00:00'"
"1","1585864","250","1380","1","'2025-05-28T23:55:42+00:00'"
"1","1580883","250","1380","0","'2025-05-28T23:05:43+00:00'"
"1","1577829","250","1380","1","'2025-05-28T23:00:20+00:00'"
"1","1575300","250","1380","0","'2025-05-28T22:56:40+00:00'"
"1","1574554","250","1380","1","'2025-05-28T22:55:36+00:00'"
"1","1574091","250","1380","0","'2025-05-28T22:55:19.01+00:00'"
"1","1573200","250","1380","1","'2025-05-28T22:53:35+00:00'"
"1","1573179","250","1380","0","'2025-05-28T22:53:20.01+00:00'"
"1","1573098","250","1380","0","'2025-05-28T22:53:20.01+00:00'"
"1","1571235","250","1380","1","'2025-05-28T22:48:53+00:00'"
"1","1571154","250","1380","0","'2025-05-28T22:41:55+00:00'"
"1","1561883","250","1380","1","'2025-05-28T22:22:34+00:00'"
"1","1557577","250","1380","0","'2025-05-28T21:00:44.01+00:00'"
"1","1551888","250","1380","1","'2025-05-28T20:45:11.01+00:00'"
"1","1550816","250","1380","0","'2025-05-28T20:43:52+00:00'"
"1","1545909","250","1380","1","'2025-05-28T20:31:12.01+00:00'"
"1","1543902","250","1380","0","'2025-05-28T19:59:52+00:00'"
"1","1543796","250","1380","1","'2025-05-28T19:58:14+00:00'"
"1","1538780","250","1380","0","'2025-05-28T17:51:36+00:00'"
"1","1538514","250","1380","1","'2025-05-28T17:50:28.01+00:00'"
"1","1537327","250","1380","0","'2025-05-28T15:44:20+00:00'"
"1","1534172","250","1380","1","'2025-05-28T15:36:05+00:00'"
"1","1534193","250","1380","1","'2025-05-28T15:36:05+00:00'"
"1","1534045","250","1380","0","'2025-05-28T15:25:23+00:00'"
"1","1531351","250","1380","1","'2025-05-28T15:18:14.01+00:00'"
"1","1527027","250","1380","0","'2025-05-28T14:20:50+00:00'"
"1","1514485","250","1380","1","'2025-05-28T13:48:56.01+00:00'"
"1","1514132","250","1380","0","'2025-05-28T01:32:23.01+00:00'"
"1","1507013","250","1380","1","'2025-05-28T01:17:58+00:00'"
"1","1506789","250","1380","0","'2025-05-27T23:45:45+00:00'"
"1","1498924","250","1380","1","'2025-05-27T23:22:13.01+00:00'"
"1","1494551","250","1380","0","'2025-05-27T22:11:25+00:00'"
"1","1478997","250","1380","1","'2025-05-27T21:40:22.01+00:00'"
"1","1478934","250","1380","0","'2025-05-27T20:48:31.01+00:00'"
"1","1470761","250","1380","1","'2025-05-27T20:27:41+00:00'"
"1","1470606","250","1380","0","'2025-05-27T19:02:46+00:00'"
"1","1470483","250","1380","1","'2025-05-27T19:01:13.01+00:00'"
"1","1470468","250","1380","0","'2025-05-27T18:57:26+00:00'"
"1","1466898","250","1380","1","'2025-05-27T18:45:30+00:00'"
"1","1466858","250","1380","0","'2025-05-27T18:42:46+00:00'"
"1","1457823","250","1380","1","'2025-05-27T18:21:55+00:00'"
"1","1456943","250","1380","0","'2025-05-27T18:00:15.01+00:00'"
"1","1451800","250","1380","1","'2025-05-27T17:40:49+00:00'"
"1","1451766","250","1380","0","'2025-05-27T17:34:36+00:00'"
"1","1451516","250","1380","1","'2025-05-27T17:32:57+00:00'"
"1","1451335","250","1380","0","'2025-05-27T16:50:18.01+00:00'"
"1","1450973","250","1380","1","'2025-05-27T16:48:21+00:00'"
"1","1450949","250","1380","0","'2025-05-27T16:47:29.01+00:00'"
"1","1433636","250","1380","1","'2025-05-27T16:20:21+00:00'"
"1","1431007","250","1380","0","'2025-05-27T16:02:49.01+00:00'"
"1","1431351","250","1380","0","'2025-05-27T16:02:49.01+00:00'"
"1","1428363","250","1380","1","'2025-05-27T15:58:15+00:00'"
"1","1427712","250","1380","0","'2025-05-27T15:56:07.01+00:00'"
"1","1420608","250","1380","1","'2025-05-27T15:39:28.01+00:00'"
"1","1420484","250","1380","0","'2025-05-27T15:29:15+00:00'"
"1","1420102","250","1380","1","'2025-05-27T15:27:28+00:00'"
"1","1420079","250","1380","0","'2025-05-27T15:09:11+00:00'"
"1","1400861","250","1380","1","'2025-05-27T14:38:31.01+00:00'"
"1","1400543","250","1380","0","'2025-05-27T14:36:40+00:00'"
"1","1399861","250","1380","1","'2025-05-27T14:34:52.01+00:00'"
"1","1396792","250","1380","0","'2025-05-27T03:27:04+00:00'"
"1","1396453","250","1380","1","'2025-05-27T03:17:30+00:00'"
"1","1396433","250","1380","0","'2025-05-27T03:15:48.01+00:00'"
"1","1393478","250","1380","1","'2025-05-27T03:05:31+00:00'"
"1","1388723","250","1380","0","'2025-05-26T23:19:21.01+00:00'"
"1","1380600","250","1380","1","'2025-05-26T23:00:39+00:00'"
"1","1379958","250","1380","0","'2025-05-26T21:49:44.01+00:00'"
"1","1372319","250","1380","1","'2025-05-26T21:33:29+00:00'"
"1","1372261","250","1380","0","'2025-05-26T20:57:05+00:00'"
"1","1360891","250","1380","1","'2025-05-26T20:22:40+00:00'"
"1","1360363","250","1380","0","'2025-05-26T16:56:09+00:00'"
"1","1350656","250","1380","1","'2025-05-26T16:38:58+00:00'"
"1","1350591","250","1380","0","'2025-05-26T16:36:23+00:00'"
"1","1345148","250","1380","1","'2025-05-26T16:21:54+00:00'"
"1","1345014","250","1380","0","'2025-05-26T16:10:11+00:00'"
"1","1339047","250","1380","1","'2025-05-26T15:52:54+00:00'"
"1","1338803","250","1380","0","'2025-05-26T15:10:59.01+00:00'"
"1","1331679","250","1380","1","'2025-05-26T14:51:30+00:00'"
"1","1331587","250","1380","0","'2025-05-26T14:37:57.01+00:00'"
"1","1323410","250","1380","1","'2025-05-26T14:15:29.01+00:00'"
"1","1322851","250","1380","0","'2025-05-24T21:01:02+00:00'"
"1","1322748","250","1380","1","'2025-05-24T20:59:52+00:00'"
"1","1322549","250","1380","0","'2025-05-24T18:27:53+00:00'"
"1","1321804","250","1380","1","'2025-05-24T18:25:45.01+00:00'"
"1","1321780","250","1380","0","'2025-05-24T18:24:42.01+00:00'"
"1","1321595","250","1380","1","'2025-05-24T18:23:13+00:00'"
"1","1321461","250","1380","0","'2025-05-24T17:53:04+00:00'"
"1","1316092","250","1380","1","'2025-05-24T17:39:08+00:00'"
"1","1316031","250","1380","0","'2025-05-24T17:06:13+00:00'"
"1","1308342","250","1380","1","'2025-05-24T16:50:09+00:00'"
"1","1308068","250","1380","0","'2025-05-24T03:25:21.01+00:00'"
"1","1307961","250","1380","1","'2025-05-24T03:24:15+00:00'"
"1","1307847","250","1380","0","'2025-05-24T00:34:06.01+00:00'"
"1","1297541","250","1380","1","'2025-05-24T00:14:58+00:00'"
"1","1297523","250","1380","0","'2025-05-24T00:14:05+00:00'"
"1","1297487","250","1380","1","'2025-05-24T00:12:29+00:00'"
"1","1297310","250","1380","0","'2025-05-23T23:55:23+00:00'"
"1","1297109","250","1380","1","'2025-05-23T23:53:18.01+00:00'"
"1","1296220","250","1380","0","'2025-05-23T23:08:50+00:00'"
"1","1287769","250","1380","1","'2025-05-23T22:47:56+00:00'"
"1","1287373","250","1380","0","'2025-05-23T22:11:37+00:00'"
"1","1287371","250","1380","0","'2025-05-23T22:11:37+00:00'"
"1","1276988","250","1380","1","'2025-05-23T21:46:18+00:00'"
"1","1276878","250","1380","0","'2025-05-23T21:42:03+00:00'"
"1","1274819","250","1380","1","'2025-05-23T21:36:53+00:00'"
"1","1274798","250","1380","0","'2025-05-23T21:36:47.01+00:00'"
"1","1274433","250","1380","1","'2025-05-23T21:35:40+00:00'"
"1","1273831","250","1380","0","'2025-05-23T21:33:32+00:00'"
"1","1268095","250","1380","1","'2025-05-23T21:21:41.02+00:00'"
"1","1264012","250","1380","0","'2025-05-23T18:42:27+00:00'"
"1","1257385","250","1380","1","'2025-05-23T18:27:21.01+00:00'"
"1","1256925","250","1380","0","'2025-05-23T18:15:22+00:00'"
"1","1253560","250","1380","1","'2025-05-23T18:05:09+00:00'"
"1","1253539","250","1380","1","'2025-05-23T18:05:09+00:00'"
"1","1253419","250","1380","0","'2025-05-23T17:42:01+00:00'"
"1","1248607","250","1380","1","'2025-05-23T17:27:24+00:00'"
"1","1248528","250","1380","0","'2025-05-23T17:06:03+00:00'"
"1","1244308","250","1380","1","'2025-05-23T16:55:11+00:00'"
"1","1244304","250","1380","1","'2025-05-23T16:55:11+00:00'"
"1","1244302","250","1380","0","'2025-05-23T16:53:54+00:00'"
"1","1243723","250","1380","1","'2025-05-23T16:49:04+00:00'"
"1","1243347","250","1380","0","'2025-05-23T16:11:18+00:00'"
"1","1236114","250","1380","1","'2025-05-23T15:49:18+00:00'"
"1","1235877","250","1380","0","'2025-05-23T14:57:54.01+00:00'"
"1","1235224","250","1380","1","'2025-05-23T14:55:03+00:00'"
"1","1235170","250","1380","0","'2025-05-23T14:26:29+00:00'"
"1","1220046","250","1380","1","'2025-05-23T13:52:47+00:00'"
"1","1217675","250","1380","0","'2025-05-23T03:18:45+00:00'"
"1","1204764","250","1380","1","'2025-05-23T02:54:33.01+00:00'"
"1","1202349","250","1380","0","'2025-05-22T23:41:49+00:00'"
"1","1193905","250","1380","1","'2025-05-22T23:23:07+00:00'"
"1","1188903","250","1380","0","'2025-05-22T22:19:20+00:00'"
"1","1180293","250","1380","1","'2025-05-22T22:01:58+00:00'"
"1","1180120","250","1380","0","'2025-05-22T20:18:51+00:00'"
"1","1168203","250","1380","1","'2025-05-22T19:49:17+00:00'"
"1","1168000","250","1380","0","'2025-05-22T19:04:16+00:00'"
"1","1167193","250","1380","1","'2025-05-22T19:00:18+00:00'"
"1","1167178","250","1380","0","'2025-05-22T18:59:25.01+00:00'"
"1","1155256","250","1380","1","'2025-05-22T18:29:55+00:00'"
"1","1155059","250","1380","0","'2025-05-22T17:16:11+00:00'"
"1","1146436","250","1380","1","'2025-05-22T16:59:40+00:00'"
"1","1146375","250","1380","0","'2025-05-22T16:58:09+00:00'"
"1","1146186","250","1380","1","'2025-05-22T16:56:29+00:00'"
"1","1146157","250","1380","0","'2025-05-22T16:46:30+00:00'"
"1","1145844","250","1380","1","'2025-05-22T16:44:40+00:00'"
"1","1145693","250","1380","0","'2025-05-22T16:27:16+00:00'"
"1","1141398","250","1380","1","'2025-05-22T16:13:35+00:00'"
"1","1141192","250","1380","0","'2025-05-22T15:08:59+00:00'"
"1","1141103","250","1380","1","'2025-05-22T15:07:45.01+00:00'"
"1","1138256","250","1380","0","'2025-05-22T14:37:33+00:00'"
"1","1137569","250","1380","1","'2025-05-22T14:34:52+00:00'"
"1","1137459","250","1380","0","'2025-05-22T14:34:26.01+00:00'"
"1","1124291","250","1380","1","'2025-05-22T14:09:21+00:00'"
"1","1124012","250","1380","0","'2025-05-22T14:03:53.01+00:00'"
"1","1118074","250","1380","1","'2025-05-22T13:49:44+00:00'"
"1","1117355","250","1380","0","'2025-05-22T00:53:24+00:00'"
"1","1117065","250","1380","1","'2025-05-22T00:51:04+00:00'"
"1","1116997","250","1380","0","'2025-05-22T00:50:12+00:00'"
"1","1116913","250","1380","1","'2025-05-22T00:49:09+00:00'"
"1","1116766","250","1380","0","'2025-05-22T00:48:58+00:00'"
"1","1107326","250","1380","1","'2025-05-22T00:28:33.01+00:00'"
"1","1107084","250","1380","0","'2025-05-21T23:21:31.01+00:00'"
"1","1097373","250","1380","1","'2025-05-21T23:01:11+00:00'"
"1","1097242","250","1380","0","'2025-05-21T20:52:29.01+00:00'"
"1","1091867","250","1380","1","'2025-05-21T20:40:10+00:00'"
"1","1091869","250","1380","1","'2025-05-21T20:40:10+00:00'"
"1","1091646","250","1380","0","'2025-05-21T20:34:50+00:00'"
"1","1085124","250","1380","1","'2025-05-21T20:16:55+00:00'"
"1","1085006","250","1380","0","'2025-05-21T18:20:48+00:00'"
"1","1078243","250","1380","1","'2025-05-21T18:04:52+00:00'"
"1","1078155","250","1380","0","'2025-05-21T17:49:00.01+00:00'"
"1","1069511","250","1380","1","'2025-05-21T17:30:10+00:00'"
"1","1069423","250","1380","0","'2025-05-21T17:25:37+00:00'"
"1","1066341","250","1380","1","'2025-05-21T17:17:44+00:00'"
"1","1066331","250","1380","0","'2025-05-21T17:14:13+00:00'"
"1","1065901","250","1380","1","'2025-05-21T17:12:32+00:00'"
"1","1065385","250","1380","0","'2025-05-21T14:25:52+00:00'"
"1","1062070","250","1380","1","'2025-05-21T14:16:53+00:00'"
"1","1062007","250","1380","0","'2025-05-21T14:15:08+00:00'"
"1","1049990","250","1380","1","'2025-05-21T13:44:54+00:00'"
"1","1050011","250","1380","1","'2025-05-21T13:44:54+00:00'"
"1","1049783","250","1380","0","'2025-05-21T00:38:18+00:00'"
"1","1035176","250","1380","1","'2025-05-21T00:05:11+00:00'"
"1","1035118","250","1380","0","'2025-05-20T22:14:29+00:00'"
"1","1029726","250","1380","1","'2025-05-20T22:01:24+00:00'"
"1","1029607","250","1380","0","'2025-05-20T21:05:36+00:00'"
"1","1026849","250","1380","1","'2025-05-20T20:58:24+00:00'"
"1","1026621","250","1380","0","'2025-05-20T20:48:37+00:00'"
"1","1024848","250","1380","1","'2025-05-20T20:43:32.01+00:00'"
"1","1024869","250","1380","1","'2025-05-20T20:43:32.01+00:00'"
"1","1024771","250","1380","0","'2025-05-20T20:42:59+00:00'"
"1","1021295","250","1380","1","'2025-05-20T20:31:02.01+00:00'"
"1","1021269","250","1380","0","'2025-05-20T19:59:19.01+00:00'"
"1","1016178","250","1380","1","'2025-05-20T19:49:16+00:00'"
"1","1015636","250","1380","0","'2025-05-20T18:45:54.01+00:00'"
"1","1010686","250","1380","1","'2025-05-20T18:33:35+00:00'"
"1","1010310","250","1380","0","'2025-05-20T17:24:47.01+00:00'"
"1","1007555","250","1380","1","'2025-05-20T17:17:26+00:00'"
"1","1007452","250","1380","0","'2025-05-20T17:00:05.01+00:00'"
"1","1007346","250","1380","1","'2025-05-20T16:58:54+00:00'"
"1","1007319","250","1380","0","'2025-05-20T16:41:24.01+00:00'"
"1","1007237","250","1380","1","'2025-05-20T16:40:18+00:00'"
"1","1007207","250","1380","0","'2025-05-20T16:39:03+00:00'"
"1","991774","250","1380","1","'2025-05-20T16:04:46.01+00:00'"
"1","991327","250","1380","0","'2025-05-20T15:12:18+00:00'"
"1","984230","250","1380","1","'2025-05-20T14:55:31+00:00'"
"1","983957","250","1380","0","'2025-05-20T14:47:57+00:00'"
"1","975302","250","1380","1","'2025-05-20T14:25:25+00:00'"
"1","973583","250","1380","0","'2025-05-17T00:24:25+00:00'"
"1","970830","250","1380","1","'2025-05-17T00:05:47+00:00'"
"1","970632","250","1380","0","'2025-05-16T23:26:23.01+00:00'"
"1","968842","250","1380","1","'2025-05-16T23:11:57.01+00:00'"
"1","968629","250","1380","0","'2025-05-16T22:30:41+00:00'"
"1","963995","250","1380","1","'2025-05-16T21:53:37+00:00'"
"1","963625","250","1380","0","'2025-05-16T19:41:16+00:00'"
"1","960156","250","1380","1","'2025-05-16T19:18:40+00:00'"
"1","960102","250","1380","0","'2025-05-16T19:15:04+00:00'"
"1","954082","250","1380","1","'2025-05-16T18:41:21.02+00:00'"
"1","954052","250","1380","0","'2025-05-16T18:19:40+00:00'"
"1","954050","250","1380","0","'2025-05-16T18:19:40+00:00'"
"1","953869","250","1380","1","'2025-05-16T18:17:19+00:00'"
"1","953700","250","1380","0","'2025-05-16T17:28:01+00:00'"
"1","949550","250","1380","1","'2025-05-16T17:05:18.01+00:00'"
"1","949466","250","1380","0","'2025-05-16T16:35:18.01+00:00'"
"1","949395","250","1380","1","'2025-05-16T16:33:49+00:00'"
"1","949381","250","1380","0","'2025-05-16T16:30:32.01+00:00'"
"1","945571","250","1380","1","'2025-05-16T16:07:05.01+00:00'"
"1","945339","250","1380","0","'2025-05-16T15:32:58+00:00'"
"1","940045","250","1380","1","'2025-05-16T15:03:06+00:00'"
"1","939990","250","1380","0","'2025-05-16T14:50:10+00:00'"
"1","937804","250","1380","1","'2025-05-16T14:34:55.01+00:00'"
"1","937443","250","1380","0","'2025-05-16T01:08:36+00:00'"
"1","930873","250","1380","1","'2025-05-16T00:37:56+00:00'"
"1","929876","250","1380","0","'2025-05-16T00:00:25+00:00'"
"1","926324","250","1380","1","'2025-05-15T23:34:35.01+00:00'"
"1","926214","250","1380","0","'2025-05-15T23:00:07.01+00:00'"
"1","923102","250","1380","1","'2025-05-15T22:39:05+00:00'"
"1","923015","250","1380","0","'2025-05-15T22:29:05.01+00:00'"
"1","922662","250","1380","1","'2025-05-15T22:25:50.01+00:00'"
"1","922646","250","1380","0","'2025-05-15T22:19:14+00:00'"
"1","922561","250","1380","1","'2025-05-15T22:17:48+00:00'"
"1","922551","250","1380","0","'2025-05-15T22:17:38+00:00'"
"1","922439","250","1380","1","'2025-05-15T22:15:47+00:00'"
"1","922357","250","1380","0","'2025-05-15T21:33:39.01+00:00'"
"1","921225","250","1380","1","'2025-05-15T20:59:29.01+00:00'"
"1","921154","250","1380","0","'2025-05-15T20:52:41+00:00'"
"1","920379","250","1380","1","'2025-05-15T20:45:53.01+00:00'"
"1","920357","250","1380","0","'2025-05-15T20:43:01+00:00'"
"1","919139","250","1380","1","'2025-05-15T20:33:02+00:00'"
"1","919068","250","1380","0","'2025-05-15T20:04:51.01+00:00'"
"1","916061","250","1380","1","'2025-05-15T19:44:02.01+00:00'"
"1","916057","250","1380","1","'2025-05-15T19:44:02.01+00:00'"
"1","916059","250","1380","1","'2025-05-15T19:44:02.01+00:00'"
"1","916043","250","1380","0","'2025-05-15T19:41:17+00:00'"
"1","915157","250","1380","1","'2025-05-15T19:35:30+00:00'"
"1","915074","250","1380","0","'2025-05-15T18:23:03.01+00:00'"
"1","914613","250","1380","1","'2025-05-15T18:16:22.01+00:00'"
"1","914448","250","1380","0","'2025-05-15T15:58:00+00:00'"
"1","909677","250","1380","1","'2025-05-15T15:33:45+00:00'"
"1","909608","250","1380","0","'2025-05-15T15:19:22+00:00'"
"1","908580","250","1380","1","'2025-05-15T15:06:13.01+00:00'"
"1","908572","250","1380","0","'2025-05-15T15:05:47+00:00'"
"1","908526","250","1380","1","'2025-05-15T15:00:35.02+00:00'"
"1","908434","250","1380","0","'2025-05-15T14:33:47+00:00'"
"1","900955","250","1380","1","'2025-05-15T13:45:25.01+00:00'"
"1","900776","250","1380","0","'2025-05-15T03:30:01+00:00'"
"1","900708","250","1380","1","'2025-05-15T03:28:20+00:00'"
"1","882912","250","1380","0","'2025-05-14T17:38:18+00:00'"
"1","880194","250","1380","1","'2025-05-14T17:29:50+00:00'"
"1","878785","250","1380","0","'2025-05-14T16:43:12+00:00'"
"1","878580","250","1380","1","'2025-05-14T16:40:46.01+00:00'"
"1","878562","250","1380","0","'2025-05-14T16:39:36+00:00'"
"1","878519","250","1380","1","'2025-05-14T16:37:37+00:00'"
"1","878370","250","1380","0","'2025-05-14T16:35:05+00:00'"
"1","875640","250","1380","1","'2025-05-14T16:18:27+00:00'"
"1","875608","250","1380","0","'2025-05-14T15:59:28.01+00:00'"
"1","871327","250","1380","1","'2025-05-14T15:34:33+00:00'"
"1","871277","250","1380","0","'2025-05-14T15:03:57.01+00:00'"
"1","869895","250","1380","1","'2025-05-14T14:54:57.01+00:00'"
"1","869879","250","1380","0","'2025-05-14T14:53:03+00:00'"
"1","869793","250","1380","1","'2025-05-14T14:51:34+00:00'"
"1","867407","250","1380","0","'2025-05-14T14:23:18+00:00'"
"1","862162","250","1380","1","'2025-05-14T14:01:08.01+00:00'"
"1","862097","250","1380","0","'2025-05-14T13:57:09+00:00'"
"1","859916","250","1380","1","'2025-05-14T13:43:08+00:00'"
"1","859628","250","1380","0","'2025-05-13T23:53:46+00:00'"
"1","855520","250","1380","1","'2025-05-13T23:24:53.01+00:00'"
"1","854513","250","1380","0","'2025-05-13T22:48:52+00:00'"
"1","847161","250","1380","1","'2025-05-13T22:27:17+00:00'"
"1","847034","250","1380","0","'2025-05-13T22:05:13+00:00'"
"1","844243","250","1380","1","'2025-05-13T21:43:15+00:00'"
"1","844180","250","1380","0","'2025-05-13T21:15:21+00:00'"
"1","837910","250","1380","1","'2025-05-13T20:42:02.01+00:00'"
"1","837775","250","1380","0","'2025-05-13T20:40:11+00:00'"
"1","837339","250","1380","1","'2025-05-13T20:36:10+00:00'"
"1","836654","250","1380","0","'2025-05-13T20:20:18.01+00:00'"
"1","825687","250","1380","1","'2025-05-13T19:47:17.01+00:00'"
"1","825412","250","1380","0","'2025-05-13T19:10:30.01+00:00'"
"1","821931","250","1380","1","'2025-05-13T18:51:09.01+00:00'"
"1","821816","250","1380","0","'2025-05-13T18:27:45.01+00:00'"
"1","820655","250","1380","1","'2025-05-13T18:20:47.02+00:00'"
"1","815355","250","1380","0","'2025-05-13T17:05:10.01+00:00'"
"1","815108","250","1380","1","'2025-05-13T17:04:03.01+00:00'"
"1","809419","250","1380","0","'2025-05-13T16:26:20.01+00:00'"
"1","809275","250","1380","1","'2025-05-13T16:24:30.01+00:00'"
"1","809265","250","1380","0","'2025-05-13T16:23:23+00:00'"
"1","801694","250","1380","1","'2025-05-13T15:44:00.01+00:00'"
"1","801223","250","1380","0","'2025-05-13T15:11:41+00:00'"
"1","798038","250","1380","1","'2025-05-13T14:48:32.01+00:00'"
"1","780421","250","1380","0","'2025-05-13T00:06:08+00:00'"
"1","780324","250","1380","1","'2025-05-13T00:04:17.02+00:00'"
"1","780159","250","1380","0","'2025-05-12T21:51:17.01+00:00'"
"1","777852","250","1380","1","'2025-05-12T21:33:11+00:00'"
"1","777756","250","1380","0","'2025-05-12T20:50:54+00:00'"
"1","777025","250","1380","1","'2025-05-12T20:44:32.01+00:00'"
"1","776981","250","1380","0","'2025-05-12T20:40:58+00:00'"
"1","775505","250","1380","1","'2025-05-12T20:31:56+00:00'"
"1","775433","250","1380","0","'2025-05-12T19:32:30+00:00'"
"1","773537","250","1380","1","'2025-05-12T19:19:13.01+00:00'"
"1","773413","250","1380","0","'2025-05-12T18:35:39.01+00:00'"
"1","772199","250","1380","1","'2025-05-12T18:26:58+00:00'"
"1","772189","250","1380","0","'2025-05-12T18:24:20+00:00'"
"1","772036","250","1380","1","'2025-05-12T18:21:58.01+00:00'"
"1","771995","250","1380","0","'2025-05-12T18:20:02+00:00'"
"1","768994","250","1380","1","'2025-05-12T17:59:33+00:00'"
"1","768928","250","1380","0","'2025-05-12T17:53:00+00:00'"
"1","763493","250","1380","1","'2025-05-12T17:18:13.01+00:00'"
"1","763440","250","1380","0","'2025-05-12T17:14:13.01+00:00'"
"1","763388","250","1380","1","'2025-05-12T17:12:55.01+00:00'"
"1","763182","250","1380","0","'2025-05-12T16:30:38+00:00'"
"1","758776","250","1380","1","'2025-05-12T16:07:24.01+00:00'"
"1","758719","250","1380","0","'2025-05-12T15:28:43+00:00'"
"1","758630","250","1380","1","'2025-05-12T15:26:54.01+00:00'"
"1","758638","250","1380","1","'2025-05-12T15:26:54.01+00:00'"
"1","758603","250","1380","0","'2025-05-12T15:20:22.01+00:00'"
"1","757264","250","1380","1","'2025-05-12T15:09:48+00:00'"
"1","732043","250","1380","0","'2025-05-10T00:03:17.01+00:00'"
"1","731601","250","1380","1","'2025-05-09T23:59:42+00:00'"
"1","731559","250","1380","0","'2025-05-09T23:53:49.01+00:00'"
"1","730503","250","1380","1","'2025-05-09T23:45:25.01+00:00'"
"1","728370","250","1380","0","'2025-05-09T22:51:39.01+00:00'"
"1","726908","250","1380","1","'2025-05-09T22:40:36.01+00:00'"
"1","723494","250","1380","0","'2025-05-09T20:57:21+00:00'"
"1","723282","250","1380","1","'2025-05-09T20:53:52.01+00:00'"
"1","718065","250","1380","0","'2025-05-09T18:37:51+00:00'"
"1","717981","250","1380","1","'2025-05-09T18:33:56+00:00'"
"1","717958","250","1380","0","'2025-05-09T18:21:16.01+00:00'"
"1","716194","250","1380","1","'2025-05-09T18:08:00+00:00'"
"1","716048","250","1380","0","'2025-05-09T17:50:41+00:00'"
"1","712895","250","1380","1","'2025-05-09T17:32:02.01+00:00'"
"1","712798","250","1380","0","'2025-05-09T17:14:26+00:00'"
"1","710257","250","1380","1","'2025-05-09T16:55:25.01+00:00'"
"1","710159","250","1380","0","'2025-05-09T16:23:24.01+00:00'"
"1","709586","250","1380","1","'2025-05-09T16:18:58+00:00'"
"1","709529","250","1380","0","'2025-05-09T16:04:09+00:00'"
"1","707747","250","1380","1","'2025-05-09T15:39:22.01+00:00'"
"1","707544","250","1380","0","'2025-05-09T14:41:06+00:00'"
"1","702374","250","1380","1","'2025-05-09T14:14:46.01+00:00'"
"1","702345","250","1380","0","'2025-05-09T14:14:27+00:00'"
"1","701865","250","1380","1","'2025-05-09T14:09:24.01+00:00'"
"1","701863","250","1380","1","'2025-05-09T14:09:24.01+00:00'"
"1","697391","250","1380","0","'2025-05-09T00:18:03.01+00:00'"
"1","697365","250","1380","1","'2025-05-09T00:16:58+00:00'"
"1","679511","250","1380","0","'2025-05-08T17:32:01+00:00'"
"1","676083","250","1380","1","'2025-05-08T17:10:54.01+00:00'"
"1","675813","250","1380","0","'2025-05-08T16:14:47+00:00'"
"1","674801","250","1380","1","'2025-05-08T16:06:49+00:00'"
"1","674735","250","1380","0","'2025-05-08T16:01:23+00:00'"
"1","674694","250","1380","1","'2025-05-08T16:00:09.02+00:00'"
"1","674633","250","1380","0","'2025-05-08T15:51:58.01+00:00'"
"1","672594","250","1380","1","'2025-05-08T15:39:57.01+00:00'"
"1","672582","250","1380","0","'2025-05-08T15:38:23+00:00'"
"1","669411","250","1380","1","'2025-05-08T15:16:45.01+00:00'"
"1","669395","250","1380","0","'2025-05-08T15:09:30+00:00'"
"1","667564","250","1380","1","'2025-05-08T14:45:09+00:00'"
"1","664187","250","1380","0","'2025-05-08T14:19:32.01+00:00'"
"1","658986","250","1380","1","'2025-05-08T13:51:49+00:00'"
"1","658870","250","1380","0","'2025-05-08T02:29:56.01+00:00'"
"1","658699","250","1380","1","'2025-05-08T02:27:57.01+00:00'"
"1","658663","250","1380","0","'2025-05-08T02:21:39+00:00'"
"1","654962","250","1380","1","'2025-05-08T02:03:30.01+00:00'"
"1","654722","250","1380","0","'2025-05-08T01:06:07+00:00'"
"1","652792","250","1380","1","'2025-05-08T00:55:48+00:00'"
"1","652741","250","1380","0","'2025-05-08T00:44:15+00:00'"
"1","650505","250","1380","1","'2025-05-08T00:31:30+00:00'"
"1","650371","250","1380","0","'2025-05-08T00:09:29+00:00'"
"1","647987","250","1380","1","'2025-05-07T23:48:33+00:00'"
"1","640702","250","1380","0","'2025-05-07T22:45:07+00:00'"
"1","636328","250","1380","1","'2025-05-07T22:22:19.01+00:00'"
"1","636289","250","1380","0","'2025-05-07T22:14:11+00:00'"
"1","633230","250","1380","1","'2025-05-07T21:55:31+00:00'"
"1","627467","250","1380","0","'2025-05-07T18:16:42.01+00:00'"
"1","627343","250","1380","1","'2025-05-07T18:15:24+00:00'"
"1","624696","250","1380","0","'2025-05-07T17:48:59.01+00:00'"
"1","624191","250","1380","1","'2025-05-07T17:46:41+00:00'"
"1","623980","250","1380","0","'2025-05-07T17:44:50+00:00'"
"1","620083","250","1380","1","'2025-05-07T17:37:15+00:00'"
"1","620062","250","1380","0","'2025-05-07T17:34:40+00:00'"
"1","597942","250","1380","1","'2025-05-07T16:48:56.01+00:00'"
"1","596090","250","1380","0","'2025-05-07T16:19:59+00:00'"
"1","594098","250","1380","1","'2025-05-07T16:15:23+00:00'"
"1","594082","250","1380","0","'2025-05-07T16:15:06+00:00'"
"1","592211","250","1380","1","'2025-05-07T16:11:18+00:00'"
"1","592099","250","1380","1","'2025-05-07T16:11:18+00:00'"
"1","591722","250","1380","0","'2025-05-07T16:10:43.01+00:00'"
"1","590619","250","1380","1","'2025-05-07T16:09:40+00:00'"
"1","590603","250","1380","0","'2025-05-07T16:08:28.01+00:00'"
"1","589802","250","1380","1","'2025-05-07T16:07:24+00:00'"
"1","589786","250","1380","0","'2025-05-07T16:06:59+00:00'"
"1","589211","250","1380","1","'2025-05-07T16:05:48+00:00'"
"1","589179","250","1380","0","'2025-05-07T16:05:28.01+00:00'"
"1","589195","250","1380","0","'2025-05-07T16:05:28.01+00:00'"
"1","589163","250","1380","0","'2025-05-07T16:05:28.01+00:00'"
"1","588385","250","1380","1","'2025-05-07T16:03:14+00:00'"
"1","587918","250","1380","0","'2025-05-07T16:01:46.01+00:00'"
"1","587385","250","1380","1","'2025-05-07T16:00:33.01+00:00'"
"1","566032","250","1380","0","'2025-05-07T04:16:43+00:00'"
"1","565811","250","1380","1","'2025-05-07T04:01:43+00:00'"
"1","565786","250","1380","0","'2025-05-07T03:26:40+00:00'"
"1","565577","250","1380","1","'2025-05-07T03:09:16+00:00'"
"1","565552","250","1380","0","'2025-05-07T01:04:06+00:00'"
"1","565078","250","1380","1","'2025-05-07T00:57:30+00:00'"
"1","565062","250","1380","0","'2025-05-07T00:57:17+00:00'"
"1","564982","250","1380","1","'2025-05-07T00:56:03+00:00'"
"1","564966","250","1380","0","'2025-05-07T00:54:12+00:00'"
"1","564886","250","1380","1","'2025-05-07T00:52:42+00:00'"
"1","564611","250","1380","1","'2025-05-07T00:48:17.01+00:00'"
"1","564595","250","1380","0","'2025-05-07T00:47:56.01+00:00'"
"1","564563","250","1380","1","'2025-05-07T00:46:15+00:00'"
"1","558703","250","1380","0","'2025-05-06T05:22:44+00:00'"
"1","550173","250","1380","1","'2025-05-06T04:51:57.01+00:00'"
"1","547776","250","1380","0","'2025-05-06T03:33:07+00:00'"
"1","539664","250","1380","1","'2025-05-06T03:13:28.01+00:00'"
"1","539560","250","1380","0","'2025-05-06T03:02:47+00:00'"
"1","536498","250","1380","1","'2025-05-06T02:50:33.01+00:00'"
"1","536422","250","1380","0","'2025-05-06T02:50:20.01+00:00'"
"1","530034","250","1380","1","'2025-05-06T02:29:21+00:00'"
"1","520167","250","1380","0","'2025-05-05T17:35:57+00:00'"
"1","519158","250","1380","1","'2025-05-05T17:31:01.01+00:00'"
"1","518854","250","1380","0","'2025-05-05T17:29:45+00:00'"
"1","515799","250","1380","1","'2025-05-05T17:21:41.01+00:00'"
"1","515271","250","1380","0","'2025-05-05T17:20:39.01+00:00'"
"1","515302","250","1380","0","'2025-05-05T17:20:39.01+00:00'"
"1","513482","250","1380","1","'2025-05-05T17:17:21+00:00'"
"1","513284","250","1380","0","'2025-05-05T17:16:59+00:00'"
"1","512065","250","1380","1","'2025-05-05T17:14:34+00:00'"
"1","511186","250","1380","0","'2025-05-05T17:13:19+00:00'"
"1","511474","250","1380","0","'2025-05-05T17:13:19+00:00'"
"1","508347","250","1380","1","'2025-05-05T17:08:19+00:00'"
"1","508196","250","1380","0","'2025-05-05T17:07:56.01+00:00'"
"1","507713","250","1380","1","'2025-05-05T17:06:48.01+00:00'"
"1","507611","250","1380","0","'2025-05-05T08:15:10+00:00'"
"1","499187","250","1380","1","'2025-05-05T07:49:02.01+00:00'"
"1","499101","250","1380","0","'2025-05-05T06:48:48+00:00'"
"1","494373","250","1380","1","'2025-05-05T06:30:37+00:00'"
"1","494303","250","1380","0","'2025-05-05T06:26:45+00:00'"
"1","488256","250","1380","1","'2025-05-05T06:05:02+00:00'"
"1","488201","250","1380","0","'2025-05-05T03:56:01+00:00'"
"1","480467","250","1380","1","'2025-05-05T03:27:16.01+00:00'"
"1","480414","250","1380","0","'2025-05-05T02:20:29+00:00'"
"1","467796","250","1380","1","'2025-05-05T01:42:19+00:00'"
"1","463849","250","1380","0","'2025-05-04T22:33:49+00:00'"
"1","463751","250","1380","1","'2025-05-04T22:32:29+00:00'"
"1","463727","250","1380","0","'2025-05-04T22:31:07+00:00'"
"1","461950","250","1380","1","'2025-05-04T22:15:40+00:00'"
"1","461754","250","1380","0","'2025-05-04T22:15:03+00:00'"
"1","461037","250","1380","1","'2025-05-04T22:13:26+00:00'"
"1","460309","250","1380","0","'2025-05-04T22:11:54+00:00'"
"1","457262","250","1380","1","'2025-05-04T22:05:10+00:00'"
"1","456970","250","1380","0","'2025-05-04T21:48:40+00:00'"
"1","454024","250","1380","1","'2025-05-04T21:42:22+00:00'"
"1","452652","250","1380","0","'2025-05-04T21:39:36.01+00:00'"
"1","451398","250","1380","1","'2025-05-04T21:35:54+00:00'"
"1","451382","250","1380","0","'2025-05-04T21:35:51+00:00'"
"1","450910","250","1380","1","'2025-05-04T21:34:18+00:00'"
"1","450637","250","1380","0","'2025-05-04T21:33:37+00:00'"
"1","449087","250","1380","1","'2025-05-04T21:23:20.01+00:00'"
"1","449033","250","1380","0","'2025-05-04T21:21:40+00:00'"
"1","444586","250","1380","1","'2025-05-04T21:07:43+00:00'"
"1","439506","250","1380","0","'2025-05-04T00:03:32+00:00'"
"1","439407","250","1380","1","'2025-05-04T00:02:15+00:00'"
"1","439030","250","1380","0","'2025-05-04T00:01:23.01+00:00'"
"1","437169","250","1380","1","'2025-05-03T23:56:20.02+00:00'"
"1","436832","250","1380","0","'2025-05-03T23:52:49.01+00:00'"
"1","436172","250","1380","1","'2025-05-03T23:49:03.01+00:00'"
"1","435686","250","1380","0","'2025-05-03T23:46:34.01+00:00'"
"1","430509","250","1380","1","'2025-05-03T23:33:01+00:00'"
"1","428995","250","1380","0","'2025-05-03T23:29:49.01+00:00'"
"1","425439","250","1380","1","'2025-05-03T23:20:34.01+00:00'"
"1","425318","250","1380","0","'2025-05-03T23:20:08+00:00'"
"1","424499","250","1380","1","'2025-05-03T23:17:20+00:00'"
"1","421313","250","1380","0","'2025-05-02T23:16:21+00:00'"
"1","418072","250","1380","1","'2025-05-02T22:55:31+00:00'"
"1","418047","250","1380","0","'2025-05-02T21:50:02.01+00:00'"
"1","417064","250","1380","1","'2025-05-02T21:43:52.01+00:00'"
"1","416981","250","1380","0","'2025-05-02T20:18:24+00:00'"
"1","413938","250","1380","1","'2025-05-02T19:59:49.01+00:00'"
"1","413842","250","1380","0","'2025-05-02T19:13:31+00:00'"
"1","412138","250","1380","1","'2025-05-02T19:01:52+00:00'"
"1","412073","250","1380","0","'2025-05-02T01:20:10+00:00'"
"1","410447","250","1380","1","'2025-05-02T01:09:24+00:00'"
"1","410321","250","1380","0","'2025-05-02T01:03:16+00:00'"
"1","408321","250","1380","1","'2025-05-02T00:51:34.01+00:00'"
"1","408272","250","1380","0","'2025-05-02T00:49:46+00:00'"
"1","407694","250","1380","1","'2025-05-02T00:45:30.01+00:00'"
"1","407640","250","1380","0","'2025-05-02T00:21:03.01+00:00'"
"1","406113","250","1380","1","'2025-05-02T00:10:57+00:00'"
"1","406040","250","1380","0","'2025-04-30T23:05:34.01+00:00'"
"1","402439","250","1380","1","'2025-04-30T22:43:24+00:00'"
"1","402385","250","1380","0","'2025-04-30T14:37:44.01+00:00'"
"1","398595","250","1380","1","'2025-04-30T14:15:08+00:00'"
"1","398550","250","1380","0","'2025-04-29T23:25:10.01+00:00'"
"1","395812","250","1380","1","'2025-04-29T23:05:13+00:00'"
"1","395780","250","1380","0","'2025-04-29T14:39:00+00:00'"
"1","393256","250","1380","1","'2025-04-29T14:15:26.01+00:00'"
"1","393231","250","1380","0","'2025-04-29T03:16:39+00:00'"
"1","392042","250","1380","1","'2025-04-29T03:06:59+00:00'"
"1","391948","250","1380","0","'2025-04-28T18:59:47+00:00'"
"1","390100","250","1380","1","'2025-04-28T18:38:57+00:00'"
"1","390066","250","1380","0","'2025-04-28T18:29:28+00:00'"
"1","389271","250","1380","1","'2025-04-28T18:23:59+00:00'"
"1","388984","250","1380","0","'2025-04-27T23:19:26+00:00'"
"1","387373","250","1380","1","'2025-04-27T23:09:53+00:00'"
"1","387334","250","1380","0","'2025-04-27T14:55:19.01+00:00'"
"1","385908","250","1380","1","'2025-04-27T14:47:19.01+00:00'"
"1","385878","250","1380","0","'2025-04-27T04:08:17+00:00'"
"1","384174","250","1380","1","'2025-04-27T03:58:29+00:00'"
"1","384136","250","1380","0","'2025-04-26T20:06:02+00:00'"
"1","383005","250","1380","1","'2025-04-26T19:59:09+00:00'"
"1","382974","250","1380","0","'2025-04-26T19:53:44.01+00:00'"
"1","382064","250","1380","1","'2025-04-26T19:48:00.01+00:00'"
"1","382027","250","1380","0","'2025-04-26T03:23:51.01+00:00'"
"1","380358","250","1380","1","'2025-04-26T03:12:50+00:00'"
"1","380326","250","1380","0","'2025-04-25T19:58:10+00:00'"
"1","378180","250","1380","1","'2025-04-25T19:44:19.01+00:00'"
"1","378140","250","1380","0","'2025-04-24T23:15:31+00:00'"
"1","374031","250","1380","1","'2025-04-24T22:51:41+00:00'"
"1","373990","250","1380","0","'2025-04-24T14:32:25.01+00:00'"
"1","370361","250","1380","1","'2025-04-24T14:13:56+00:00'"
"1","370302","250","1380","0","'2025-04-23T23:19:06+00:00'"
"1","366079","250","1380","1","'2025-04-23T22:55:22+00:00'"
"1","366014","250","1380","0","'2025-04-23T14:39:00+00:00'"
"1","362306","250","1380","1","'2025-04-23T14:19:02+00:00'"
"1","362197","250","1380","0","'2025-04-22T21:21:53+00:00'"
"1","358505","250","1380","1","'2025-04-22T21:04:23.01+00:00'"
"1","358450","250","1380","0","'2025-04-22T14:39:24.01+00:00'"
"1","353928","250","1380","1","'2025-04-22T14:14:45.01+00:00'"
"1","353433","250","1380","0","'2025-04-20T23:24:52+00:00'"
"1","351691","250","1380","1","'2025-04-20T23:15:41+00:00'"
"1","351643","250","1380","0","'2025-04-20T14:51:27+00:00'"
"1","349713","250","1380","1","'2025-04-20T14:40:44.01+00:00'"
"1","349641","250","1380","0","'2025-04-20T04:04:25+00:00'"
"1","345811","250","1380","1","'2025-04-20T03:40:27+00:00'"
"1","345553","250","1380","0","'2025-04-19T21:05:18.01+00:00'"
"1","340793","250","1380","1","'2025-04-19T20:48:31.01+00:00'"
"1","340641","250","1380","0","'2025-04-19T20:17:32.01+00:00'"
"1","339345","250","1380","1","'2025-04-19T20:07:06+00:00'"
"1","339181","250","1380","0","'2025-04-19T19:51:05+00:00'"
"1","338781","250","1380","1","'2025-04-19T19:48:47+00:00'"
"1","338653","250","1380","0","'2025-04-19T19:09:01.01+00:00'"
"1","334137","250","1380","1","'2025-04-19T18:48:36+00:00'"